shot_id,game_id
214008994,21400899
214008909,21400890
2140089010,21400890
2140089011,21400890
2140089012,21400890
2140088213,21400882
2140089928,21400899
2140089035,21400890
2140089036,21400890
2140089037,21400890
2140089038,21400890
2140089039,21400890
2140089040,21400890
2140089041,21400890
2140089042,21400890
2140089043,21400890
2140089044,21400890
2140089045,21400890
2140089046,21400890
2140089047,21400890
2140089048,21400890
2140089049,21400890
2140089051,21400890
2140089052,21400890
2140089053,21400890
2140088254,21400882
2140088255,21400882
2140088256,21400882
2140088257,21400882
2140088258,21400882
2140088259,21400882
2140088260,21400882
2140088261,21400882
2140088262,21400882
2140088263,21400882
2140088264,21400882
2140088265,21400882
2140088266,21400882
2140088267,21400882
2140088268,21400882
2140088269,21400882
2140089970,21400899
2140089971,21400899
2140089973,21400899
2140089080,21400890
2140089083,21400890
2140088285,21400882
2140088286,21400882
2140088287,21400882
2140088288,21400882
2140088289,21400882
2140088290,21400882
2140088291,21400882
2140088292,21400882
2140088293,21400882
2140088294,21400882
2140090295,21400902
2140090296,21400902
2140090297,21400902
2140090298,21400902
2140090299,21400902
21400902100,21400902
21400902101,21400902
21400902102,21400902
21400902103,21400902
21400902104,21400902
21400902105,21400902
21400902106,21400902
21400902107,21400902
21400888108,21400888
21400888109,21400888
21400888110,21400888
21400888111,21400888
21400888112,21400888
21400888113,21400888
21400888114,21400888
21400888115,21400888
21400888116,21400888
21400888117,21400888
21400888118,21400888
21400888119,21400888
21400888120,21400888
21400888121,21400888
21400888122,21400888
21400888123,21400888
21400888124,21400888
21400899133,21400899
21400890136,21400890
21400890137,21400890
21400890138,21400890
21400890139,21400890
21400890141,21400890
21400890142,21400890
21400890143,21400890
21400890144,21400890
21400890145,21400890
21400890146,21400890
21400890147,21400890
21400890148,21400890
21400890150,21400890
21400882151,21400882
21400882152,21400882
21400882153,21400882
21400882154,21400882
21400882155,21400882
21400882156,21400882
21400882157,21400882
21400882158,21400882
21400882159,21400882
21400882160,21400882
21400882161,21400882
21400882162,21400882
21400882163,21400882
21400890195,21400890
21400890196,21400890
21400882197,21400882
21400882198,21400882
21400882199,21400882
21400882200,21400882
21400882201,21400882
21400882202,21400882
21400882203,21400882
21400899207,21400899
21400899209,21400899
21400899210,21400899
21400899211,21400899
21400890217,21400890
21400882218,21400882
21400882219,21400882
21400882220,21400882
21400882221,21400882
21400882222,21400882
21400882223,21400882
21400898226,21400898
21400898227,21400898
21400898228,21400898
21400898229,21400898
21400898230,21400898
21400898231,21400898
21400898232,21400898
21400898233,21400898
21400898235,21400898
21400898236,21400898
21400894237,21400894
21400894238,21400894
21400894239,21400894
21400894240,21400894
21400894241,21400894
21400894242,21400894
21400894243,21400894
21400894244,21400894
21400894245,21400894
21400894246,21400894
21400894247,21400894
21400894248,21400894
21400894249,21400894
21400894250,21400894
21400894251,21400894
21400894252,21400894
21400894253,21400894
21400894254,21400894
21400894255,21400894
21400898256,21400898
21400898257,21400898
21400898258,21400898
21400898259,21400898
21400898260,21400898
21400898262,21400898
21400894263,21400894
21400894264,21400894
21400894266,21400894
21400894267,21400894
21400904268,21400904
21400904271,21400904
21400878276,21400878
21400878277,21400878
21400878278,21400878
21400878279,21400878
21400878280,21400878
21400878281,21400878
21400878282,21400878
21400878283,21400878
21400878285,21400878
21400898286,21400898
21400898287,21400898
21400898288,21400898
21400898289,21400898
21400898290,21400898
21400898291,21400898
21400898292,21400898
21400898293,21400898
21400898294,21400898
21400898295,21400898
21400894297,21400894
21400894298,21400894
21400894304,21400894
21400894308,21400894
21400898310,21400898
21400898311,21400898
21400898312,21400898
21400898313,21400898
21400894314,21400894
21400894315,21400894
21400894316,21400894
21400894317,21400894
21400894318,21400894
21400898319,21400898
21400898320,21400898
21400898321,21400898
21400898322,21400898
21400894324,21400894
21400894325,21400894
21400894326,21400894
21400894327,21400894
21400894328,21400894
21400898329,21400898
21400898331,21400898
21400898332,21400898
21400898333,21400898
21400898334,21400898
21400898335,21400898
21400898336,21400898
21400898337,21400898
21400898338,21400898
21400898339,21400898
21400898340,21400898
21400898341,21400898
21400898342,21400898
21400898343,21400898
21400898344,21400898
21400894346,21400894
21400894347,21400894
21400894348,21400894
21400894349,21400894
21400894350,21400894
21400894351,21400894
21400894352,21400894
21400894353,21400894
21400894354,21400894
21400894355,21400894
21400894356,21400894
21400898357,21400898
21400898358,21400898
21400898362,21400898
21400898363,21400898
21400898365,21400898
21400894366,21400894
21400894367,21400894
21400894371,21400894
21400894372,21400894
21400894373,21400894
21400894374,21400894
21400894375,21400894
21400905405,21400905
21400905406,21400905
21400905407,21400905
21400905408,21400905
21400905410,21400905
21400905411,21400905
21400905412,21400905
21400905413,21400905
21400905414,21400905
21400905415,21400905
21400905416,21400905
21400890417,21400890
21400890418,21400890
21400890419,21400890
21400890420,21400890
21400890421,21400890
21400890422,21400890
21400890423,21400890
21400890424,21400890
21400890425,21400890
21400878433,21400878
21400878434,21400878
21400878435,21400878
21400878436,21400878
21400878437,21400878
21400878438,21400878
21400878439,21400878
21400878440,21400878
21400878441,21400878
21400878442,21400878
21400878443,21400878
21400878444,21400878
21400878445,21400878
21400878446,21400878
21400905465,21400905
21400905466,21400905
21400905467,21400905
21400905468,21400905
21400905469,21400905
21400905470,21400905
21400905471,21400905
21400905472,21400905
21400905473,21400905
21400905474,21400905
21400905475,21400905
21400905476,21400905
21400905477,21400905
21400905478,21400905
21400905479,21400905
21400890480,21400890
21400890481,21400890
21400890482,21400890
21400890483,21400890
21400890484,21400890
21400890485,21400890
21400890486,21400890
21400890487,21400890
21400878488,21400878
21400878489,21400878
21400878490,21400878
21400878491,21400878
21400878492,21400878
21400878493,21400878
21400878494,21400878
21400878495,21400878
21400878496,21400878
21400878497,21400878
21400878498,21400878
21400878499,21400878
21400878500,21400878
21400878501,21400878
21400878502,21400878
21400905503,21400905
21400905504,21400905
21400905505,21400905
21400905506,21400905
21400905507,21400905
21400905508,21400905
21400905509,21400905
21400905510,21400905
21400905511,21400905
21400905512,21400905
21400890513,21400890
21400890514,21400890
21400890515,21400890
21400890516,21400890
21400890517,21400890
21400890518,21400890
21400890519,21400890
21400878520,21400878
21400878521,21400878
21400878522,21400878
21400878523,21400878
21400878524,21400878
21400878525,21400878
21400878526,21400878
21400878527,21400878
21400905528,21400905
21400905529,21400905
21400905530,21400905
21400905531,21400905
21400905533,21400905
21400905534,21400905
21400905535,21400905
21400905536,21400905
21400905538,21400905
21400905539,21400905
21400905541,21400905
21400890542,21400890
21400890543,21400890
21400890545,21400890
21400890546,21400890
21400890547,21400890
21400890549,21400890
21400890550,21400890
21400890551,21400890
21400890552,21400890
21400890553,21400890
21400890554,21400890
21400878555,21400878
21400878556,21400878
21400878557,21400878
21400878558,21400878
21400878559,21400878
21400878560,21400878
21400878561,21400878
21400878562,21400878
21400878563,21400878
21400878564,21400878
21400890568,21400890
21400890569,21400890
21400890570,21400890
21400890571,21400890
21400890572,21400890
21400890573,21400890
21400878574,21400878
21400878575,21400878
21400878576,21400878
21400878577,21400878
21400878578,21400878
21400907579,21400907
21400907580,21400907
21400907581,21400907
21400907583,21400907
21400907584,21400907
21400907585,21400907
21400886592,21400886
21400880593,21400880
21400880594,21400880
21400880596,21400880
21400880597,21400880
21400880598,21400880
21400880599,21400880
21400880600,21400880
21400880601,21400880
21400880602,21400880
21400880603,21400880
21400880604,21400880
21400880605,21400880
21400880606,21400880
21400880607,21400880
21400880608,21400880
21400907609,21400907
21400907610,21400907
21400907611,21400907
21400907612,21400907
21400907613,21400907
21400907615,21400907
21400907616,21400907
21400907617,21400907
21400907618,21400907
21400907619,21400907
21400907620,21400907
21400907621,21400907
21400907622,21400907
21400907623,21400907
21400907624,21400907
21400886634,21400886
21400886635,21400886
21400886637,21400886
21400880641,21400880
21400880642,21400880
21400880643,21400880
21400880644,21400880
21400880645,21400880
21400880647,21400880
21400880648,21400880
21400880649,21400880
21400880650,21400880
21400880651,21400880
21400880652,21400880
21400880653,21400880
21400880656,21400880
21400880657,21400880
21400880658,21400880
21400880659,21400880
21400880661,21400880
21400880662,21400880
21400907663,21400907
21400907664,21400907
21400907665,21400907
21400907666,21400907
21400907667,21400907
21400907668,21400907
21400907669,21400907
21400907670,21400907
21400907671,21400907
21400907672,21400907
21400907673,21400907
21400907674,21400907
21400907675,21400907
21400907676,21400907
21400907677,21400907
21400907678,21400907
21400886685,21400886
21400880696,21400880
21400880697,21400880
21400880698,21400880
21400880699,21400880
21400880700,21400880
21400880701,21400880
21400880702,21400880
21400880703,21400880
21400880704,21400880
21400880705,21400880
21400880707,21400880
21400880708,21400880
21400880709,21400880
21400880711,21400880
21400880712,21400880
21400880713,21400880
21400880714,21400880
21400880715,21400880
21400880716,21400880
21400880717,21400880
21400907725,21400907
21400907726,21400907
21400907727,21400907
21400907728,21400907
21400907729,21400907
21400907730,21400907
21400907731,21400907
21400907732,21400907
21400907733,21400907
21400907734,21400907
21400886739,21400886
21400880743,21400880
21400880744,21400880
21400880745,21400880
21400880746,21400880
21400880747,21400880
21400907768,21400907
21400907769,21400907
21400907770,21400907
21400907771,21400907
21400886774,21400886
21400886775,21400886
21400880780,21400880
21400880782,21400880
21400880783,21400880
21400907784,21400907
21400907785,21400907
21400907786,21400907
21400907787,21400907
21400907788,21400907
21400907789,21400907
21400907790,21400907
21400907791,21400907
21400907792,21400907
21400907793,21400907
21400907794,21400907
21400907795,21400907
21400907796,21400907
21400907797,21400907
21400880803,21400880
21400880804,21400880
21400880805,21400880
21400880808,21400880
21400880809,21400880
21400880810,21400880
21400880811,21400880
21400880813,21400880
21400880814,21400880
21400880815,21400880
21400892816,21400892
21400892817,21400892
21400892818,21400892
21400892819,21400892
21400892820,21400892
21400892821,21400892
21400892822,21400892
21400892823,21400892
21400892824,21400892
21400892825,21400892
21400892826,21400892
21400892827,21400892
21400892828,21400892
21400892829,21400892
21400892830,21400892
21400892831,21400892
21400892832,21400892
21400892833,21400892
21400892834,21400892
21400892835,21400892
21400892836,21400892
21400892837,21400892
21400892838,21400892
21400892839,21400892
21400892840,21400892
21400892841,21400892
21400892842,21400892
21400892843,21400892
21400892844,21400892
21400892845,21400892
21400892846,21400892
21400892847,21400892
21400892848,21400892
21400892849,21400892
21400892850,21400892
21400892851,21400892
21400892852,21400892
21400892853,21400892
21400892854,21400892
21400892855,21400892
21400892856,21400892
21400892857,21400892
21400892858,21400892
21400892859,21400892
21400892860,21400892
21400892861,21400892
21400892862,21400892
21400892863,21400892
21400892864,21400892
21400892865,21400892
21400892866,21400892
21400892867,21400892
21400892868,21400892
21400892869,21400892
21400892870,21400892
21400892871,21400892
21400892872,21400892
21400892873,21400892
21400892874,21400892
21400892875,21400892
21400892876,21400892
21400892877,21400892
21400892878,21400892
21400892879,21400892
21400892880,21400892
21400892881,21400892
21400892882,21400892
21400892883,21400892
21400892884,21400892
21400892885,21400892
21400892886,21400892
21400892887,21400892
21400892888,21400892
21400892889,21400892
21400892890,21400892
21400892891,21400892
21400892892,21400892
21400892893,21400892
21400892894,21400892
21400892895,21400892
21400892896,21400892
21400892897,21400892
21400892898,21400892
21400892899,21400892
21400892900,21400892
21400892901,21400892
21400893902,21400893
21400893903,21400893
21400893904,21400893
21400893905,21400893
21400893906,21400893
21400893907,21400893
21400893908,21400893
21400893909,21400893
21400893910,21400893
21400893911,21400893
21400893912,21400893
21400893913,21400893
21400893914,21400893
21400893915,21400893
21400893916,21400893
21400893917,21400893
21400893918,21400893
21400893919,21400893
21400893920,21400893
21400893921,21400893
21400893922,21400893
21400893923,21400893
21400893924,21400893
21400893925,21400893
21400893926,21400893
21400893927,21400893
21400893928,21400893
21400893929,21400893
21400893930,21400893
21400893931,21400893
21400893932,21400893
21400893933,21400893
21400906934,21400906
21400906935,21400906
21400906936,21400906
21400669937,21400669
21400879938,21400879
21400879939,21400879
21400879940,21400879
21400879941,21400879
21400879942,21400879
21400879943,21400879
21400879944,21400879
21400893945,21400893
21400893946,21400893
21400893947,21400893
21400893948,21400893
21400893949,21400893
21400893950,21400893
21400893951,21400893
21400893952,21400893
21400893953,21400893
21400893954,21400893
21400893955,21400893
21400893956,21400893
21400893957,21400893
21400893958,21400893
21400893959,21400893
21400893960,21400893
21400893961,21400893
21400893962,21400893
21400893963,21400893
21400893968,21400893
21400893969,21400893
21400893970,21400893
21400893971,21400893
21400893972,21400893
21400893973,21400893
21400893974,21400893
21400893975,21400893
21400893976,21400893
21400893977,21400893
21400893978,21400893
21400893979,21400893
21400893980,21400893
21400893981,21400893
21400893982,21400893
21400893983,21400893
21400893984,21400893
21400893985,21400893
21400893986,21400893
21400893987,21400893
214009031003,21400903
214009031004,21400903
214009031005,21400903
214009031006,21400903
214009031007,21400903
214009031008,21400903
214009031009,21400903
214009031010,21400903
214009031011,21400903
214009031012,21400903
214009031013,21400903
214009031016,21400903
214009031017,21400903
214009031018,21400903
214009031019,21400903
214009031020,21400903
214009031021,21400903
214009031022,21400903
214008891023,21400889
214008891024,21400889
214008891026,21400889
214008891027,21400889
214008891028,21400889
214008891029,21400889
214008891030,21400889
214008891033,21400889
214008891034,21400889
214008891035,21400889
214008891036,21400889
214008841037,21400884
214008841038,21400884
214008841039,21400884
214008841040,21400884
214008841041,21400884
214008841042,21400884
214008841043,21400884
214008841044,21400884
214008841045,21400884
214008841046,21400884
214008841047,21400884
214008841048,21400884
214008841049,21400884
214008841050,21400884
214009031051,21400903
214008891052,21400889
214008891054,21400889
214008841055,21400884
214008841056,21400884
214008841057,21400884
214008841058,21400884
214009031060,21400903
214009031061,21400903
214009031062,21400903
214009031066,21400903
214009031068,21400903
214009031069,21400903
214009031075,21400903
214009031077,21400903
214009031081,21400903
214009031082,21400903
214009031083,21400903
214009031085,21400903
214009031089,21400903
214009031090,21400903
214009031091,21400903
214009031092,21400903
214009031093,21400903
214008891094,21400889
214008891096,21400889
214008891097,21400889
214008891098,21400889
214008891099,21400889
214008891100,21400889
214008891101,21400889
214008891102,21400889
214008891103,21400889
214008891104,21400889
214008891105,21400889
214008891106,21400889
214008891108,21400889
214008841109,21400884
214008841110,21400884
214008841111,21400884
214008841112,21400884
214008841113,21400884
214008841114,21400884
214008841115,21400884
214008841116,21400884
214008841117,21400884
214008841118,21400884
214008841119,21400884
214008841120,21400884
214009001150,21400900
214008851151,21400885
214008851152,21400885
214008851153,21400885
214008851154,21400885
214009001155,21400900
214009001156,21400900
214009001157,21400900
214009001158,21400900
214009001159,21400900
214009001160,21400900
214009001161,21400900
214009001162,21400900
214009001163,21400900
214008851164,21400885
214008851165,21400885
214008851166,21400885
214008851167,21400885
214008851168,21400885
214008851169,21400885
214008851170,21400885
214008851171,21400885
214008851173,21400885
214009001174,21400900
214009001175,21400900
214009001176,21400900
214009001177,21400900
214009001178,21400900
214008851181,21400885
214008851182,21400885
214009001183,21400900
214009001184,21400900
214009001185,21400900
214009001186,21400900
214009001187,21400900
214009001188,21400900
214009001189,21400900
214008851190,21400885
214008851191,21400885
214008851192,21400885
214008851194,21400885
214008851195,21400885
214008851196,21400885
214009001199,21400900
214009001200,21400900
214009001201,21400900
214009001202,21400900
214009001203,21400900
214009001204,21400900
214009001205,21400900
214008851206,21400885
214008851207,21400885
214008851208,21400885
214008851209,21400885
214008851210,21400885
214008851211,21400885
214008851212,21400885
214008851213,21400885
214008851214,21400885
214008851215,21400885
214008851216,21400885
214008851217,21400885
214008851218,21400885
214009001221,21400900
214009001222,21400900
214009001223,21400900
214009001224,21400900
214009001225,21400900
214009001226,21400900
214009001227,21400900
214009001228,21400900
214009001229,21400900
214008851230,21400885
214008851231,21400885
214008851232,21400885
214008851233,21400885
214009001234,21400900
214009001235,21400900
214009001236,21400900
214009001237,21400900
214009001238,21400900
214009001239,21400900
214009001240,21400900
214009001241,21400900
214009001242,21400900
214009001243,21400900
214009001244,21400900
214009001245,21400900
214009001247,21400900
214009001248,21400900
214009001250,21400900
214009001254,21400900
214009001255,21400900
214008851256,21400885
214008851257,21400885
214008851258,21400885
214008851259,21400885
214008851264,21400885
214008851265,21400885
214008891290,21400889
214008891291,21400889
214008891292,21400889
214008891293,21400889
214008891294,21400889
214008891295,21400889
214008891296,21400889
214008891297,21400889
214008891301,21400889
214008891302,21400889
214008891305,21400889
214008971326,21400897
214008821328,21400882
214008821329,21400882
214008821330,21400882
214008821332,21400882
214008821333,21400882
214008821334,21400882
214008821336,21400882
214008821337,21400882
214008821338,21400882
214008821339,21400882
214008821340,21400882
214008971343,21400897
214008821346,21400882
214008821347,21400882
214008821348,21400882
214008821350,21400882
214008971352,21400897
214008971357,21400897
214008971358,21400897
214008971365,21400897
214008971369,21400897
214008971371,21400897
214008971374,21400897
214008971375,21400897
214008821376,21400882
214008821377,21400882
214008821378,21400882
214008821379,21400882
214008821380,21400882
214008821381,21400882
214008821382,21400882
214008821383,21400882
214008821384,21400882
214008821385,21400882
214008821386,21400882
214008821387,21400882
214008971391,21400897
214008971392,21400897
214008971399,21400897
214008971400,21400897
214008821401,21400882
214008821402,21400882
214008821403,21400882
214008821404,21400882
214008971412,21400897
214008821421,21400882
214008821422,21400882
214008821423,21400882
214008821424,21400882
214008821425,21400882
214008821426,21400882
214008821427,21400882
214008821428,21400882
214008821429,21400882
214008821430,21400882
214008821431,21400882
214008821436,21400882
214008821438,21400882
214008821439,21400882
214008821440,21400882
214009001441,21400900
214009001442,21400900
214008911443,21400891
214008911444,21400891
214008911445,21400891
214008911446,21400891
214008911447,21400891
214008911448,21400891
214008831449,21400883
214008831450,21400883
214008831451,21400883
214008831452,21400883
214009001453,21400900
214009001454,21400900
214009001455,21400900
214009001456,21400900
214009001457,21400900
214009001458,21400900
214009001459,21400900
214009001460,21400900
214009001461,21400900
214009001462,21400900
214009001463,21400900
214009001464,21400900
214009001465,21400900
214009001466,21400900
214009001467,21400900
214009001468,21400900
214009001469,21400900
214008911473,21400891
214008911474,21400891
214008911475,21400891
214008911476,21400891
214008911477,21400891
214008911478,21400891
214008911479,21400891
214009001480,21400900
214009001481,21400900
214009001482,21400900
214009001483,21400900
214009001484,21400900
214009001485,21400900
214009001486,21400900
214009001487,21400900
214009001488,21400900
214009001489,21400900
214009001490,21400900
214009001491,21400900
214009001492,21400900
214009001493,21400900
214009001494,21400900
214009001495,21400900
214008911496,21400891
214008911497,21400891
214008911498,21400891
214008911499,21400891
214008911500,21400891
214008911501,21400891
214008911502,21400891
214008911503,21400891
214008911504,21400891
214008911505,21400891
214008911506,21400891
214008911507,21400891
214008911508,21400891
214008911509,21400891
214008911510,21400891
214008911511,21400891
214008911512,21400891
214008911513,21400891
214008911514,21400891
214008911515,21400891
214008911516,21400891
214008911517,21400891
214008911518,21400891
214008831519,21400883
214008831520,21400883
214008831521,21400883
214008831522,21400883
214008831523,21400883
214008831524,21400883
214008831525,21400883
214008831526,21400883
214008831527,21400883
214008831528,21400883
214008831529,21400883
214008831530,21400883
214008831531,21400883
214008831532,21400883
214008831533,21400883
214008831534,21400883
214008831535,21400883
214008831536,21400883
214008831537,21400883
214008831538,21400883
214008831539,21400883
214008831540,21400883
214008831541,21400883
214008831542,21400883
214008831543,21400883
214008831544,21400883
214008831545,21400883
214008831546,21400883
214008831547,21400883
214008831548,21400883
214008831549,21400883
214008831550,21400883
214008831551,21400883
214008831552,21400883
214008831553,21400883
214009001568,21400900
214009001569,21400900
214009001570,21400900
214009001571,21400900
214009001572,21400900
214009001573,21400900
214009001574,21400900
214009001575,21400900
214009001576,21400900
214009001577,21400900
214008911578,21400891
214008911579,21400891
214008911580,21400891
214008911581,21400891
214008911582,21400891
214008911583,21400891
214008911584,21400891
214008911585,21400891
214008911586,21400891
214008911587,21400891
214008831588,21400883
214008831589,21400883
214008831590,21400883
214008831591,21400883
214008831592,21400883
214008831593,21400883
214008831594,21400883
214008831595,21400883
214008831596,21400883
214008831597,21400883
214008831598,21400883
214008831599,21400883
214008831600,21400883
214008831601,21400883
214008831602,21400883
214008831603,21400883
214008831604,21400883
214008831605,21400883
214008831606,21400883
214008911607,21400891
214008911608,21400891
214008911610,21400891
214008911611,21400891
214008911612,21400891
214008961619,21400896
214008961620,21400896
214008961621,21400896
214008961622,21400896
214008961623,21400896
214008961624,21400896
214008961625,21400896
214008961626,21400896
214008961627,21400896
214008961628,21400896
214008961629,21400896
214008961630,21400896
214008811631,21400881
214008811632,21400881
214008811637,21400881
214008811638,21400881
214008811639,21400881
214008811640,21400881
214008811641,21400881
214008811642,21400881
214008961643,21400896
214008961644,21400896
214008961645,21400896
214008961646,21400896
214008961647,21400896
214008961648,21400896
214008961649,21400896
214008811650,21400881
214008811651,21400881
214008811652,21400881
214008811653,21400881
214008811654,21400881
214008811655,21400881
214008811656,21400881
214008961657,21400896
214008961658,21400896
214008961659,21400896
214008961660,21400896
214008961661,21400896
214008961662,21400896
214008961663,21400896
214008961664,21400896
214008961665,21400896
214008811666,21400881
214008811667,21400881
214008811668,21400881
214008811669,21400881
214008811670,21400881
214008811672,21400881
214008811673,21400881
214008811674,21400881
214008811675,21400881
214008961676,21400896
214008961677,21400896
214008961678,21400896
214008961679,21400896
214008961680,21400896
214008961681,21400896
214008961682,21400896
214008961683,21400896
214008961684,21400896
214008961685,21400896
214008961686,21400896
214008961687,21400896
214008811688,21400881
214008811689,21400881
214008811690,21400881
214008811691,21400881
214008811692,21400881
214008811693,21400881
214008811695,21400881
214008811696,21400881
214008811697,21400881
214008811698,21400881
214008811699,21400881
214008811701,21400881
214008811703,21400881
214008811704,21400881
214008811705,21400881
214008811707,21400881
214008811710,21400881
214008811711,21400881
214008961713,21400896
214008961714,21400896
214008961715,21400896
214008961716,21400896
214008961717,21400896
214008961718,21400896
214008961719,21400896
214008961720,21400896
214008961721,21400896
214008811723,21400881
214008811724,21400881
214008811725,21400881
214008811726,21400881
214008811727,21400881
214008811728,21400881
214008811729,21400881
214008961730,21400896
214008961731,21400896
214008961732,21400896
214008811734,21400881
214008811735,21400881
214008811738,21400881
214008981740,21400898
214008981741,21400898
214008981742,21400898
214008981743,21400898
214008981744,21400898
214008981745,21400898
214008981746,21400898
214008981747,21400898
214008981748,21400898
214008981749,21400898
214008981750,21400898
214008981751,21400898
214008981752,21400898
214008911753,21400891
214008911754,21400891
214008911755,21400891
214008911756,21400891
214008911757,21400891
214008911758,21400891
214008911759,21400891
214008911760,21400891
214008911761,21400891
214008801762,21400880
214008801763,21400880
214008801764,21400880
214008801765,21400880
214008801766,21400880
214008801767,21400880
214008801768,21400880
214008801769,21400880
214008801770,21400880
214008801771,21400880
214008801773,21400880
214008801774,21400880
214008801775,21400880
214008801778,21400880
214008971779,21400897
214008971780,21400897
214008871781,21400887
214008871782,21400887
214008981807,21400898
214008981808,21400898
214008981809,21400898
214008981810,21400898
214008981811,21400898
214008981812,21400898
214008981813,21400898
214008981814,21400898
214008911815,21400891
214008911816,21400891
214008911819,21400891
214008911820,21400891
214008911821,21400891
214008911822,21400891
214008801823,21400880
214008801824,21400880
214008801825,21400880
214008801826,21400880
214008801827,21400880
214008801828,21400880
214008801829,21400880
214008801830,21400880
214008801831,21400880
214008801832,21400880
214008801833,21400880
214008801834,21400880
214008981835,21400898
214008981836,21400898
214008981837,21400898
214008981838,21400898
214008981839,21400898
214008981840,21400898
214008911841,21400891
214008911842,21400891
214008911843,21400891
214008911844,21400891
214008911845,21400891
214008911846,21400891
214008911847,21400891
214008911850,21400891
214008911851,21400891
214008911852,21400891
214008911853,21400891
214008911854,21400891
214008911855,21400891
214008801856,21400880
214008801857,21400880
214008801858,21400880
214008801859,21400880
214008801860,21400880
214008801863,21400880
214008801864,21400880
214008801865,21400880
214008801866,21400880
214008801867,21400880
214008981868,21400898
214008981869,21400898
214008981870,21400898
214008981871,21400898
214008981872,21400898
214008981873,21400898
214008981874,21400898
214008981875,21400898
214008981876,21400898
214008981877,21400898
214008981878,21400898
214008981879,21400898
214008981880,21400898
214008981881,21400898
214008911882,21400891
214008911883,21400891
214008911884,21400891
214008911885,21400891
214008911886,21400891
214008801887,21400880
214008801888,21400880
214008801889,21400880
214008801890,21400880
214008801891,21400880
214008801892,21400880
214008801893,21400880
214008801894,21400880
214008801895,21400880
214008801896,21400880
214008801897,21400880
214008981898,21400898
214008981899,21400898
214008981900,21400898
214009011901,21400901
214009011902,21400901
214009011903,21400901
214009011904,21400901
214009011905,21400901
214009011906,21400901
214009011907,21400901
214009011908,21400901
214009011909,21400901
214009011910,21400901
214009011911,21400901
214009011912,21400901
214008941913,21400894
214008941914,21400894
214008941915,21400894
214008941916,21400894
214008941917,21400894
214008941918,21400894
214008941919,21400894
214008941920,21400894
214008941921,21400894
214008941922,21400894
214008941923,21400894
214008941924,21400894
214008941925,21400894
214009061926,21400906
214009061927,21400906
214009061928,21400906
214009061929,21400906
214009061930,21400906
214009061931,21400906
214009061932,21400906
214009061933,21400906
214009061934,21400906
214009061935,21400906
214009061937,21400906
214009061938,21400906
214009061939,21400906
214009061940,21400906
214009061941,21400906
214009061942,21400906
214009061943,21400906
214009061944,21400906
214009061947,21400906
214009061948,21400906
214009061950,21400906
214009061951,21400906
214009061952,21400906
214009061953,21400906
214009061954,21400906
214009061955,21400906
214009061956,21400906
214009061957,21400906
214009061958,21400906
214009061959,21400906
214009061960,21400906
214009061961,21400906
214009061962,21400906
214009061963,21400906
214009061964,21400906
214009061965,21400906
214009061966,21400906
214009061969,21400906
214009061970,21400906
214009061971,21400906
214009061972,21400906
214009061973,21400906
214009061974,21400906
214009061975,21400906
214009061976,21400906
214009061977,21400906
214009061978,21400906
214009061979,21400906
214009061981,21400906
214009061982,21400906
214009061983,21400906
214009061984,21400906
214009061985,21400906
214009061986,21400906
214009061987,21400906
214009061988,21400906
214009061989,21400906
214009061990,21400906
214009061991,21400906
214009061992,21400906
214009061993,21400906
214009061994,21400906
214009061995,21400906
214009061996,21400906
214009061997,21400906
214009061998,21400906
214008791999,21400879
214009022000,21400902
214009022001,21400902
214009022002,21400902
214009022003,21400902
214009022004,21400902
214009022005,21400902
214009022006,21400902
214009022008,21400902
214009022009,21400902
214008952010,21400895
214008952011,21400895
214008952012,21400895
214008952013,21400895
214008952014,21400895
214008952015,21400895
214008952016,21400895
214008952017,21400895
214008952019,21400895
214008952020,21400895
214008952021,21400895
214008842022,21400884
214008842023,21400884
214008842024,21400884
214008842025,21400884
214008842027,21400884
214008842028,21400884
214008842029,21400884
214008842030,21400884
214008842031,21400884
214009022032,21400902
214009022033,21400902
214009022034,21400902
214009022035,21400902
214009022036,21400902
214009022038,21400902
214009022039,21400902
214009022040,21400902
214008952041,21400895
214008952042,21400895
214008952043,21400895
214008952044,21400895
214008952045,21400895
214008952046,21400895
214008952047,21400895
214008952048,21400895
214008952049,21400895
214008952050,21400895
214008952052,21400895
214008842053,21400884
214008842054,21400884
214008842055,21400884
214008842056,21400884
214008842057,21400884
214008842058,21400884
214009002059,21400900
214009002060,21400900
214009002061,21400900
214009002062,21400900
214009002063,21400900
214009002064,21400900
214009002065,21400900
214009002066,21400900
214008912067,21400891
214008912068,21400891
214008912070,21400891
214008912071,21400891
214008912072,21400891
214008832073,21400883
214008832074,21400883
214008832075,21400883
214008832076,21400883
214008832077,21400883
214008832078,21400883
214008832079,21400883
214008832080,21400883
214009082081,21400908
214009082082,21400908
214009082083,21400908
214009082084,21400908
214009082085,21400908
214009082086,21400908
214009082087,21400908
214008792088,21400879
214008792089,21400879
214008792090,21400879
214008792091,21400879
214009022092,21400902
214009022093,21400902
214009022094,21400902
214008952096,21400895
214008952098,21400895
214008952099,21400895
214008952100,21400895
214009022145,21400902
214009022146,21400902
214009022147,21400902
214009022148,21400902
214009022149,21400902
214009022150,21400902
214009022151,21400902
214009022153,21400902
214009022154,21400902
214009022155,21400902
214009022156,21400902
214009022157,21400902
214009022158,21400902
214008952159,21400895
214008952160,21400895
214008952161,21400895
214008952162,21400895
214008952163,21400895
214008952164,21400895
214008952166,21400895
214008952167,21400895
214008842174,21400884
214009022175,21400902
214009022176,21400902
214009022177,21400902
214009022178,21400902
214009022179,21400902
214009022180,21400902
214008952187,21400895
214008952188,21400895
214008952189,21400895
214008842195,21400884
214008842197,21400884
214009052225,21400905
214009052226,21400905
214009052227,21400905
214009052229,21400905
214009052230,21400905
214009052231,21400905
214009052232,21400905
214009052233,21400905
214008872238,21400887
214008872240,21400887
214008872241,21400887
214008982250,21400898
214008982251,21400898
214008982252,21400898
214008982253,21400898
214008982254,21400898
214008982255,21400898
214008982256,21400898
214008982257,21400898
214008982258,21400898
214008982259,21400898
214008982260,21400898
214008982261,21400898
214008912262,21400891
214008912264,21400891
214008912265,21400891
214008912266,21400891
214008912267,21400891
214008912268,21400891
214008912269,21400891
214008912270,21400891
214008912271,21400891
214008912272,21400891
214008912273,21400891
214008912274,21400891
214008802275,21400880
214008802276,21400880
214008802277,21400880
214008802278,21400880
214008802279,21400880
214008802280,21400880
214008802281,21400880
214008802282,21400880
214008802283,21400880
214008802284,21400880
214008802285,21400880
214008802286,21400880
214008802287,21400880
214008802288,21400880
214008802289,21400880
214008802290,21400880
214008802291,21400880
214008802292,21400880
214008802293,21400880
214008802294,21400880
214008802295,21400880
214008812374,21400881
214008812375,21400881
214008812376,21400881
214008812377,21400881
214008812378,21400881
214008812379,21400881
214008812380,21400881
214008812381,21400881
214008812382,21400881
214008812383,21400881
214008812384,21400881
214009042410,21400904
214009042411,21400904
214009042412,21400904
214009042413,21400904
214009042414,21400904
214009042415,21400904
214009042416,21400904
214008852417,21400885
214008852418,21400885
214008852419,21400885
214008852420,21400885
214008852421,21400885
214008852422,21400885
214008852423,21400885
214008812424,21400881
214008812425,21400881
214008812426,21400881
214008812427,21400881
214008812428,21400881
214009072429,21400907
214009072431,21400907
214009072432,21400907
214009072434,21400907
214009072435,21400907
214009072436,21400907
214009072437,21400907
214009072439,21400907
214009072440,21400907
214009072441,21400907
214009072442,21400907
214008952443,21400895
214008952444,21400895
214008952445,21400895
214008952446,21400895
214008952447,21400895
214008952448,21400895
214008952449,21400895
214008952450,21400895
214008952451,21400895
214008952452,21400895
214008952453,21400895
214009042454,21400904
214009042455,21400904
214009042456,21400904
214009042457,21400904
214009042458,21400904
214009042459,21400904
214008852460,21400885
214008852461,21400885
214008852462,21400885
214008812463,21400881
214008812464,21400881
214008812466,21400881
214008812467,21400881
214009042468,21400904
214009042469,21400904
214009042470,21400904
214008852471,21400885
214008852472,21400885
214008852473,21400885
214008852474,21400885
214008852475,21400885
214008852476,21400885
214008852477,21400885
214008812478,21400881
214008812479,21400881
214009042480,21400904
214009042481,21400904
214009042482,21400904
214009042483,21400904
214009042484,21400904
214009042485,21400904
214009042486,21400904
214009042487,21400904
214009042488,21400904
214009042489,21400904
214009042490,21400904
214009042491,21400904
214009042492,21400904
214009042493,21400904
214009042494,21400904
214009042495,21400904
214009042496,21400904
214009042497,21400904
214009042498,21400904
214009042499,21400904
214009042500,21400904
214008852501,21400885
214008852502,21400885
214008852503,21400885
214008852504,21400885
214008852505,21400885
214008852506,21400885
214008852507,21400885
214008852508,21400885
214008852509,21400885
214008852510,21400885
214008812511,21400881
214008812512,21400881
214008812513,21400881
214008812514,21400881
214008812515,21400881
214008812516,21400881
214008812517,21400881
214009042518,21400904
214009042519,21400904
214009042520,21400904
214008852521,21400885
214008852522,21400885
214008852523,21400885
214008852524,21400885
214008852525,21400885
214008852526,21400885
214008852527,21400885
214008852528,21400885
214008852529,21400885
214008852530,21400885
214009072540,21400907
214009072542,21400907
214009072543,21400907
214009072545,21400907
214009072546,21400907
214009072547,21400907
214009072548,21400907
214008952549,21400895
214009072554,21400907
214008952555,21400895
214008952556,21400895
214008952557,21400895
214008952558,21400895
214008952559,21400895
214008952560,21400895
214008972561,21400897
214008972562,21400897
214008972563,21400897
214008972564,21400897
214008972565,21400897
214008972566,21400897
214008972567,21400897
214008972568,21400897
214008972569,21400897
214008972570,21400897
214008972571,21400897
214008972572,21400897
214008972573,21400897
214008972574,21400897
214008972575,21400897
214008872576,21400887
214008872577,21400887
214008872578,21400887
214008872579,21400887
214008872580,21400887
214008872581,21400887
214008872582,21400887
214008872583,21400887
214008872584,21400887
214008872585,21400887
214008872586,21400887
214008872587,21400887
214009072588,21400907
214009072589,21400907
214009072590,21400907
214009072591,21400907
214009072592,21400907
214009072593,21400907
214009072594,21400907
214009072595,21400907
214009072596,21400907
214008952597,21400895
214008952598,21400895
214008952599,21400895
214008952600,21400895
214008952601,21400895
214008952602,21400895
214008952603,21400895
214008952604,21400895
214008952605,21400895
214008952606,21400895
214008952607,21400895
214008952608,21400895
214008952609,21400895
214008952610,21400895
214008952611,21400895
214008952612,21400895
214008952613,21400895
214008952614,21400895
214008952615,21400895
214008952616,21400895
214009072618,21400907
214009072619,21400907
214009072620,21400907
214009072622,21400907
214009072623,21400907
214009072624,21400907
214009072625,21400907
214009072626,21400907
214009072627,21400907
214009072628,21400907
214009072629,21400907
214008952630,21400895
214008952631,21400895
214008952632,21400895
214008952633,21400895
214008952634,21400895
214008952635,21400895
214008952636,21400895
214008952637,21400895
214008952638,21400895
214008952639,21400895
214009072640,21400907
214009072641,21400907
214009072642,21400907
214009072643,21400907
214009072645,21400907
214008952646,21400895
214008952647,21400895
214008952648,21400895
214008952649,21400895
214008952650,21400895
214008952651,21400895
214008952652,21400895
214008952653,21400895
214009012654,21400901
214009012655,21400901
214009012656,21400901
214009012657,21400901
214009012658,21400901
214009012659,21400901
214009012660,21400901
214009012661,21400901
214009012662,21400901
214009012663,21400901
214009012664,21400901
214009012665,21400901
214009012666,21400901
214009012667,21400901
214008942668,21400894
214008942669,21400894
214008942670,21400894
214008942671,21400894
214008942672,21400894
214009012686,21400901
214009012687,21400901
214009012688,21400901
214009012689,21400901
214009012690,21400901
214009012691,21400901
214009012692,21400901
214009012693,21400901
214009012694,21400901
214009012695,21400901
214009012696,21400901
214009012697,21400901
214009012698,21400901
214009012699,21400901
214009012700,21400901
214009012701,21400901
214009012702,21400901
214009012703,21400901
214009012704,21400901
214009012705,21400901
214009012706,21400901
214009012707,21400901
214009012708,21400901
214008942709,21400894
214008942710,21400894
214008942711,21400894
214008942712,21400894
214008942713,21400894
214008942714,21400894
214008942715,21400894
214008942716,21400894
214008942717,21400894
214008942718,21400894
214008942719,21400894
214008942720,21400894
214008942721,21400894
214008942722,21400894
214008942723,21400894
214009012724,21400901
214009012725,21400901
214009012726,21400901
214009012727,21400901
214009012728,21400901
214009012729,21400901
214009012730,21400901
214009012731,21400901
214008942732,21400894
214008942733,21400894
214008942734,21400894
214008942735,21400894
214008942736,21400894
214008942737,21400894
214008942738,21400894
214008942739,21400894
214008942740,21400894
214008942741,21400894
214008942742,21400894
214008942743,21400894
214008942744,21400894
214009012745,21400901
214009012746,21400901
214009012747,21400901
214009012748,21400901
214009012749,21400901
214009012750,21400901
214009012751,21400901
214009012752,21400901
214009012753,21400901
214009012754,21400901
214009012755,21400901
214009012756,21400901
214009012757,21400901
214009012758,21400901
214009012759,21400901
214009012760,21400901
214009012761,21400901
214008942762,21400894
214008942763,21400894
214008942764,21400894
214008942765,21400894
214008942766,21400894
214008942767,21400894
214008942768,21400894
214008942769,21400894
214008942770,21400894
214008942771,21400894
214008942772,21400894
214008962773,21400896
214008962775,21400896
214006692776,21400669
214006692777,21400669
214006692778,21400669
214006692779,21400669
214006692780,21400669
214006692781,21400669
214006692782,21400669
214006692783,21400669
214006692784,21400669
214006692785,21400669
214006692794,21400669
214006692795,21400669
214006692796,21400669
214006692797,21400669
214006692798,21400669
214006692801,21400669
214008962802,21400896
214008962803,21400896
214006692805,21400669
214006692806,21400669
214006692807,21400669
214006692808,21400669
214006692809,21400669
214006692810,21400669
214006692811,21400669
214006692812,21400669
214008892817,21400889
214008892818,21400889
214008892819,21400889
214008922823,21400892
214008922824,21400892
214008922825,21400892
214008832826,21400883
214008962827,21400896
214008962828,21400896
214008962829,21400896
214008962830,21400896
214008962832,21400896
214008962833,21400896
214008962835,21400896
214008962836,21400896
214008962837,21400896
214008962838,21400896
214008962839,21400896
214008962840,21400896
214008962841,21400896
214008962842,21400896
214008962843,21400896
214006692844,21400669
214006692845,21400669
214006692846,21400669
214006692847,21400669
214006692848,21400669
214006692849,21400669
214006692850,21400669
214009032866,21400903
214009032867,21400903
214009032868,21400903
214009032869,21400903
214009032870,21400903
214009032871,21400903
214009032872,21400903
214009032873,21400903
214009032874,21400903
214009032875,21400903
214009032876,21400903
214009032877,21400903
214009032878,21400903
214009032879,21400903
214009042881,21400904
214009042882,21400904
214009042883,21400904
214009042884,21400904
214009042885,21400904
214009042887,21400904
214009042888,21400904
214009042889,21400904
214009042891,21400904
214009042892,21400904
214008782893,21400878
214008782895,21400878
214008782896,21400878
214008782897,21400878
214008782898,21400878
214008782899,21400878
214008782900,21400878
214008782901,21400878
214008782902,21400878
214008782903,21400878
214008782904,21400878
214008782905,21400878
214008782906,21400878
214008782907,21400878
214009032909,21400903
214009032913,21400903
214009032916,21400903
214009032921,21400903
214008982922,21400898
214008982923,21400898
214008982924,21400898
214008982925,21400898
214008982926,21400898
214008912927,21400891
214008912930,21400891
214008912931,21400891
214008912932,21400891
214008912933,21400891
214008912934,21400891
214008802935,21400880
214009042936,21400904
214009042937,21400904
214008782938,21400878
214008782939,21400878
214008782940,21400878
214008782941,21400878
214008782942,21400878
214008782943,21400878
214008782944,21400878
214009012945,21400901
214009012946,21400901
214009012947,21400901
214009012948,21400901
214009012949,21400901
214009012950,21400901
214009012951,21400901
214009012952,21400901
214009012953,21400901
214008922954,21400892
214008922955,21400892
214008922956,21400892
214008922957,21400892
214008922958,21400892
214008922959,21400892
214008922960,21400892
214008922961,21400892
214008922962,21400892
214008922963,21400892
214008922964,21400892
214008922965,21400892
214008832966,21400883
214008832967,21400883
214008832968,21400883
214008832969,21400883
214009012970,21400901
214009012971,21400901
214009012972,21400901
214009012973,21400901
214009012974,21400901
214009012975,21400901
214008922976,21400892
214008922977,21400892
214008922978,21400892
214008922979,21400892
214008922980,21400892
214008922981,21400892
214008922982,21400892
214008922983,21400892
214008922984,21400892
214008922985,21400892
214008922986,21400892
214008922987,21400892
214008922988,21400892
214008832989,21400883
214008832990,21400883
214008832991,21400883
214009012992,21400901
214009012993,21400901
214009012994,21400901
214009012995,21400901
214009012996,21400901
214009012997,21400901
214009012998,21400901
214009012999,21400901
214009013000,21400901
214009013001,21400901
214008923004,21400892
214008923005,21400892
214008923006,21400892
214008923007,21400892
214008923008,21400892
214008923009,21400892
214008923010,21400892
214008923011,21400892
214008923012,21400892
214008923013,21400892
214008923014,21400892
214008923015,21400892
214008923016,21400892
214008923017,21400892
214008833018,21400883
214008833019,21400883
214008833020,21400883
214008833021,21400883
214008833024,21400883
214008833025,21400883
214008833026,21400883
214008833029,21400883
214008833031,21400883
214009013032,21400901
214009013033,21400901
214009013034,21400901
214009013035,21400901
214009013036,21400901
214009013038,21400901
214009013039,21400901
214009013040,21400901
214009013041,21400901
214009013042,21400901
214009013043,21400901
214009013044,21400901
214009013045,21400901
214009013046,21400901
214009013047,21400901
214008833048,21400883
214008833049,21400883
214008833050,21400883
214008833051,21400883
214008833052,21400883
214008833053,21400883
214008833054,21400883
214008833055,21400883
214008833056,21400883
214008833058,21400883
214008833061,21400883
214008833062,21400883
214008833064,21400883
214008833065,21400883
214009013066,21400901
214009013067,21400901
214009013068,21400901
214009013069,21400901
214009013070,21400901
214009013071,21400901
214009013072,21400901
214009013073,21400901
214009013074,21400901
214008923075,21400892
214008923076,21400892
214008923077,21400892
214008923078,21400892
214008923079,21400892
214008923080,21400892
214008923081,21400892
214008923082,21400892
214008923083,21400892
214008833084,21400883
214008833085,21400883
214008833086,21400883
214008833087,21400883
214008833088,21400883
214008833089,21400883
214008833090,21400883
214009013091,21400901
214009053092,21400905
214009053093,21400905
214008873095,21400887
214008873096,21400887
214008873097,21400887
214008873098,21400887
214008873099,21400887
214009033107,21400903
214009053108,21400905
214009053109,21400905
214009053110,21400905
214009053112,21400905
214009053113,21400905
214009053114,21400905
214009053115,21400905
214009053116,21400905
214009053117,21400905
214009053118,21400905
214009053119,21400905
214009053120,21400905
214009053121,21400905
214009053122,21400905
214009053123,21400905
214009053124,21400905
214009053125,21400905
214009053126,21400905
214009053127,21400905
214009053128,21400905
214009053129,21400905
214009053130,21400905
214009053131,21400905
214009053132,21400905
214008873136,21400887
214008873151,21400887
214009033152,21400903
214009033153,21400903
214009033154,21400903
214009033155,21400903
214009033156,21400903
214009033157,21400903
214009033158,21400903
214009033159,21400903
214008893160,21400889
214008893162,21400889
214008893163,21400889
214008893164,21400889
214008893165,21400889
214008893166,21400889
214008893168,21400889
214008893169,21400889
214008893170,21400889
214008843172,21400884
214008843173,21400884
214008843174,21400884
214008843175,21400884
214008843176,21400884
214008843177,21400884
214008843178,21400884
214008843179,21400884
214008843180,21400884
214009053181,21400905
214009053182,21400905
214009053183,21400905
214009053184,21400905
214009053185,21400905
214009053186,21400905
214009053188,21400905
214009053190,21400905
214009053191,21400905
214008873196,21400887
214009063203,21400906
214009063204,21400906
214009063205,21400906
214009063206,21400906
214009063207,21400906
214009063208,21400906
214009063209,21400906
214009063210,21400906
214006693211,21400669
214006693212,21400669
214006693213,21400669
214006693214,21400669
214006693215,21400669
214006693216,21400669
214008793217,21400879
214008793218,21400879
214008793219,21400879
214009063221,21400906
214009063222,21400906
214009063223,21400906
214009063224,21400906
214009063225,21400906
214009063226,21400906
214009063228,21400906
214009063229,21400906
214009063230,21400906
214009063231,21400906
214006693232,21400669
214006693233,21400669
214006693234,21400669
214006693235,21400669
214006693236,21400669
214006693237,21400669
214006693238,21400669
214008793239,21400879
214008793240,21400879
214008793241,21400879
214008793242,21400879
214008793243,21400879
214008793244,21400879
214008793245,21400879
214008793246,21400879
214008793247,21400879
214008793248,21400879
214008793249,21400879
214008793250,21400879
214008793251,21400879
214009063259,21400906
214009063260,21400906
214009063261,21400906
214009063264,21400906
214009063265,21400906
214009063266,21400906
214006693267,21400669
214006693268,21400669
214006693269,21400669
214006693270,21400669
214006693271,21400669
214006693272,21400669
214006693273,21400669
214006693274,21400669
214006693275,21400669
214006693276,21400669
214006693277,21400669
214008793279,21400879
214008793280,21400879
214008793281,21400879
214008793282,21400879
214008793285,21400879
214008793286,21400879
214008793287,21400879
214008793288,21400879
214008793289,21400879
214008793290,21400879
214009063291,21400906
214009063292,21400906
214009063293,21400906
214009063294,21400906
214006693295,21400669
214006693296,21400669
214006693297,21400669
214006693298,21400669
214006693299,21400669
214006693300,21400669
214006693301,21400669
214006693302,21400669
214006693303,21400669
214006693304,21400669
214006693305,21400669
214006693306,21400669
214008793307,21400879
214008793308,21400879
214008793309,21400879
214008793310,21400879
214008793311,21400879
214008793315,21400879
214008793316,21400879
214008793317,21400879
214009063318,21400906
214009063319,21400906
214009063322,21400906
214009063323,21400906
214006693324,21400669
214006693325,21400669
214006693327,21400669
214006693328,21400669
214006693329,21400669
214006693330,21400669
214006693331,21400669
214009063334,21400906
214009063335,21400906
214009063336,21400906
214009063337,21400906
214009063339,21400906
214009063340,21400906
214009063342,21400906
214009063343,21400906
214006693344,21400669
214006693345,21400669
214006693347,21400669
214006693350,21400669
214009063354,21400906
214009063356,21400906
214009063357,21400906
214009063358,21400906
214009063359,21400906
214009063360,21400906
214009063361,21400906
214009063362,21400906
214009063363,21400906
214009063364,21400906
214009063365,21400906
214009063366,21400906
214009063367,21400906
214009063368,21400906
214009063369,21400906
214006693370,21400669
214006693371,21400669
214006693373,21400669
214006693375,21400669
214006693376,21400669
214006693377,21400669
214006693378,21400669
214006693379,21400669
214006693380,21400669
214006693382,21400669
214006693383,21400669
214006693384,21400669
214008793385,21400879
214008793386,21400879
214008793387,21400879
214008793388,21400879
214008793389,21400879
214008793390,21400879
214008793391,21400879
214008793392,21400879
214008793393,21400879
214008793394,21400879
214008793395,21400879
214008793396,21400879
214008793397,21400879
214008793398,21400879
214008793399,21400879
214008793400,21400879
214008793401,21400879
214008793402,21400879
214008793403,21400879
214008793404,21400879
214008793405,21400879
214008793406,21400879
214009063407,21400906
214009063408,21400906
214009063409,21400906
214009063410,21400906
214009063411,21400906
214009063412,21400906
214006693413,21400669
214006693414,21400669
214006693415,21400669
214006693416,21400669
214006693417,21400669
214006693418,21400669
214006693420,21400669
214006693421,21400669
214008793424,21400879
214008793425,21400879
214008793426,21400879
214008793427,21400879
214008793429,21400879
214008933430,21400893
214008933431,21400893
214008933432,21400893
214008933433,21400893
214008933434,21400893
214008933435,21400893
214009043437,21400904
214009043438,21400904
214009043439,21400904
214008783442,21400878
214008783444,21400878
214008783445,21400878
214008783447,21400878
214008783449,21400878
214009033452,21400903
214009033453,21400903
214009033454,21400903
214009033455,21400903
214009033456,21400903
214009033457,21400903
214009033458,21400903
214009033460,21400903
214009033462,21400903
214009033463,21400903
214009033464,21400903
214009033465,21400903
214009033466,21400903
214008913467,21400891
214008913468,21400891
214008913469,21400891
214008913470,21400891
214008913471,21400891
214008913472,21400891
214008913473,21400891
214009043474,21400904
214009043476,21400904
214008783482,21400878
214008783483,21400878
214008783486,21400878
214008783488,21400878
214008783492,21400878
214008783493,21400878
214008783494,21400878
214008783495,21400878
214009043496,21400904
214009043497,21400904
214009043498,21400904
214009043499,21400904
214009043500,21400904
214009043501,21400904
214009043502,21400904
214009043503,21400904
214008783505,21400878
214008783506,21400878
214008783508,21400878
214008783509,21400878
214008783511,21400878
214009043512,21400904
214009043513,21400904
214009043514,21400904
214009043515,21400904
214009043516,21400904
214009043517,21400904
214009043518,21400904
214009043519,21400904
214009043520,21400904
214009043521,21400904
214009043523,21400904
214009043525,21400904
214009043526,21400904
214009043527,21400904
214009043528,21400904
214009043529,21400904
214009043530,21400904
214009043531,21400904
214009043532,21400904
214009043533,21400904
214009043535,21400904
214009043536,21400904
214009043537,21400904
214009043538,21400904
214009043539,21400904
214009043540,21400904
214009043543,21400904
214009043544,21400904
214008783545,21400878
214008783546,21400878
214008783547,21400878
214008783548,21400878
214008783549,21400878
214008783550,21400878
214008783551,21400878
214008783553,21400878
214008783554,21400878
214008783555,21400878
214008783556,21400878
214008783557,21400878
214008783558,21400878
214008883559,21400888
214008883560,21400888
214008883561,21400888
214008883562,21400888
214008883563,21400888
214008883564,21400888
214008883565,21400888
214008883566,21400888
214008883567,21400888
214008773568,21400877
214008773569,21400877
214008773570,21400877
214008773571,21400877
214008773572,21400877
214008773573,21400877
214008773574,21400877
214008773575,21400877
214008773576,21400877
214008773577,21400877
214008773578,21400877
214008773579,21400877
214008773580,21400877
214008773581,21400877
214008773582,21400877
214008773583,21400877
214008773584,21400877
214008773585,21400877
214008773586,21400877
214008773587,21400877
214008773588,21400877
214008773589,21400877
214008773590,21400877
214008773591,21400877
214008773592,21400877
214008773593,21400877
214008773594,21400877
214009083595,21400908
214009083596,21400908
214009083597,21400908
214009083598,21400908
214009083599,21400908
214009083600,21400908
214009083601,21400908
214009083602,21400908
214009083603,21400908
214009083604,21400908
214009083605,21400908
214009083606,21400908
214009083607,21400908
214009083608,21400908
214009083609,21400908
214009083610,21400908
214009083611,21400908
214009083612,21400908
214009083613,21400908
214009083614,21400908
214009083615,21400908
214009083616,21400908
214009083617,21400908
214009083618,21400908
214009083619,21400908
214009083620,21400908
214009083621,21400908
214008883622,21400888
214008883623,21400888
214008883624,21400888
214008883625,21400888
214008883626,21400888
214008883627,21400888
214008883628,21400888
214008883629,21400888
214008883630,21400888
214008883631,21400888
214008883632,21400888
214008883633,21400888
214008883634,21400888
214008883635,21400888
214008883636,21400888
214008773637,21400877
214008773638,21400877
214008773639,21400877
214008773640,21400877
214008773641,21400877
214008773642,21400877
214008773643,21400877
214008773644,21400877
214008773645,21400877
214008773646,21400877
214008773647,21400877
214008773648,21400877
214008773649,21400877
214008773650,21400877
214009083651,21400908
214009083652,21400908
214009083653,21400908
214009083654,21400908
214009083655,21400908
214009083656,21400908
214009083657,21400908
214009083658,21400908
214009083659,21400908
214009083660,21400908
214009083661,21400908
214009083662,21400908
214009083663,21400908
214009083664,21400908
214009083665,21400908
214009083666,21400908
214009083667,21400908
214009083668,21400908
214009083669,21400908
214009083670,21400908
214009083671,21400908
214009083672,21400908
214009083673,21400908
214009083674,21400908
214009083675,21400908
214009083676,21400908
214009083677,21400908
214009083678,21400908
214009083679,21400908
214008883680,21400888
214008883681,21400888
214008883682,21400888
214008883683,21400888
214008883684,21400888
214008883685,21400888
214008883686,21400888
214008883687,21400888
214008883688,21400888
214008883689,21400888
214008883690,21400888
214008883691,21400888
214008883692,21400888
214008883693,21400888
214008883694,21400888
214008883695,21400888
214008883696,21400888
214008883697,21400888
214008883698,21400888
214008883699,21400888
214008773700,21400877
214008773701,21400877
214008773702,21400877
214008773703,21400877
214008773704,21400877
214008773705,21400877
214008773706,21400877
214008773707,21400877
214008773708,21400877
214008773709,21400877
214008773710,21400877
214008773711,21400877
214008773712,21400877
214008773713,21400877
214008773714,21400877
214008773715,21400877
214008773716,21400877
214008773717,21400877
214008773718,21400877
214009083719,21400908
214009083720,21400908
214009083721,21400908
214009083723,21400908
214008883724,21400888
214008883725,21400888
214008883726,21400888
214008883727,21400888
214008883728,21400888
214008883729,21400888
214008883730,21400888
214008773731,21400877
214008773732,21400877
214008773733,21400877
214009083734,21400908
214009083735,21400908
214009083736,21400908
214009083737,21400908
214009083738,21400908
214009083739,21400908
214009083740,21400908
214009083741,21400908
214009083742,21400908
214009083743,21400908
214008883744,21400888
214008883745,21400888
214008773746,21400877
214008773747,21400877
214008773748,21400877
214009083749,21400908
214009083750,21400908
214009083751,21400908
214009083752,21400908
214009083753,21400908
214009083754,21400908
214009083755,21400908
214009083756,21400908
214009083757,21400908
214008883758,21400888
214008883759,21400888
214008883760,21400888
214008883761,21400888
214008883762,21400888
214008883763,21400888
214008883764,21400888
214008883765,21400888
214008883766,21400888
214008883767,21400888
214008883768,21400888
214008883769,21400888
214008773770,21400877
214008773771,21400877
214008773772,21400877
214008773773,21400877
214008773774,21400877
214008773775,21400877
214008773776,21400877
214008773777,21400877
214008773778,21400877
214008773779,21400877
214008773780,21400877
214008773781,21400877
214009083782,21400908
214009083783,21400908
214009083784,21400908
214009083785,21400908
214009083786,21400908
214009083787,21400908
214008883788,21400888
214008883789,21400888
214008883790,21400888
214008883791,21400888
214008883792,21400888
214008883793,21400888
214008883794,21400888
214008883795,21400888
214008773796,21400877
214008773797,21400877
214008773798,21400877
214008933799,21400893
214008933800,21400893
214008773801,21400877
214008773802,21400877
214008773803,21400877
214008773804,21400877
214008773805,21400877
214008773806,21400877
214008773807,21400877
214008933808,21400893
214008933809,21400893
214008933810,21400893
214008933811,21400893
214008933812,21400893
214008933813,21400893
214008933814,21400893
214008933815,21400893
214008933816,21400893
214008933817,21400893
214008933818,21400893
214008773819,21400877
214008773820,21400877
214008773821,21400877
214008773822,21400877
214008773823,21400877
214008773824,21400877
214008773825,21400877
214008773826,21400877
214008773827,21400877
214008773828,21400877
214008773829,21400877
214008773830,21400877
214008773831,21400877
214008773832,21400877
214008773833,21400877
214008773834,21400877
214008773835,21400877
214008773836,21400877
214008773837,21400877
214008773838,21400877
214008773839,21400877
214008773840,21400877
214008933841,21400893
214008933842,21400893
214008933843,21400893
214008933844,21400893
214008933845,21400893
214008933846,21400893
214008933847,21400893
214008933848,21400893
214008933849,21400893
214008933850,21400893
214008933851,21400893
214008933852,21400893
214008933853,21400893
214008773854,21400877
214008773855,21400877
214008773856,21400877
214008773857,21400877
214008773858,21400877
214008773859,21400877
214008773860,21400877
214008773861,21400877
214008773862,21400877
214008773863,21400877
214008773864,21400877
214008773865,21400877
214008773866,21400877
214008773867,21400877
214008773868,21400877
214008773869,21400877
214008773870,21400877
214008773871,21400877
214008773872,21400877
214008773873,21400877
214008773874,21400877
214008773875,21400877
214008773876,21400877
214008933877,21400893
214008933878,21400893
214008933879,21400893
214008933880,21400893
214008933881,21400893
214008933882,21400893
214008933883,21400893
214008933884,21400893
214008933885,21400893
214008933886,21400893
214008933887,21400893
214008933888,21400893
214008773889,21400877
214008773890,21400877
214008773891,21400877
214008773892,21400877
214008773893,21400877
214008773894,21400877
214008773895,21400877
214008933896,21400893
214008933897,21400893
214008933898,21400893
214008933899,21400893
214008933900,21400893
214008933901,21400893
214008933902,21400893
214008933903,21400893
214008933904,21400893
214008933905,21400893
214008933906,21400893
214008933907,21400893
214008933908,21400893
214008933909,21400893
214008933910,21400893
214008933911,21400893
214008933912,21400893
214008933913,21400893
214008933914,21400893
214008933915,21400893
214008933916,21400893
214008933917,21400893
214008933918,21400893
214008773919,21400877
214008773920,21400877
214008773921,21400877
214008773922,21400877
214008773923,21400877
214008773924,21400877
214008773925,21400877
214008773926,21400877
214008773927,21400877
214008773928,21400877
214008773929,21400877
214008773930,21400877
214008773931,21400877
214008773932,21400877
214008773933,21400877
214008773934,21400877
214008773935,21400877
214008933936,21400893
214008933937,21400893
214008933938,21400893
214008933939,21400893
214008933940,21400893
214008773941,21400877
214008773942,21400877
214008773943,21400877
214008773944,21400877
214008773945,21400877
214008773946,21400877
214008773947,21400877
214008773948,21400877
214009083949,21400908
214009083950,21400908
214009083951,21400908
214009083952,21400908
214009083953,21400908
214009083954,21400908
214009083955,21400908
214009083956,21400908
214009083957,21400908
214008793958,21400879
214008793959,21400879
214008793960,21400879
214008793961,21400879
214008793962,21400879
214008793963,21400879
214008793964,21400879
214008793965,21400879
214009083966,21400908
214008793967,21400879
214008793968,21400879
214009083969,21400908
214009083970,21400908
214009083971,21400908
214009083972,21400908
214009083973,21400908
214009083974,21400908
214009083975,21400908
214009083976,21400908
214009083977,21400908
214009083978,21400908
214009083979,21400908
214009083980,21400908
214009083981,21400908
214009083982,21400908
214009083983,21400908
214009083984,21400908
214009083985,21400908
214009083986,21400908
214009083987,21400908
214009083988,21400908
214009083989,21400908
214009083990,21400908
214009083991,21400908
214009083992,21400908
214009083993,21400908
214009083994,21400908
214009083995,21400908
214009083996,21400908
214009083997,21400908
214009083998,21400908
214008793999,21400879
214008794000,21400879
214008794001,21400879
214008794002,21400879
214008794003,21400879
214008794004,21400879
214008794005,21400879
214008794006,21400879
214008794007,21400879
214008794009,21400879
214008794011,21400879
214008794012,21400879
214008794014,21400879
214008794018,21400879
214008794021,21400879
214008794022,21400879
214009084024,21400908
214009084025,21400908
214009084026,21400908
214009084027,21400908
214009084028,21400908
214009084029,21400908
214009084030,21400908
214009084031,21400908
214009084032,21400908
214009084033,21400908
214009084034,21400908
214008794035,21400879
214008794036,21400879
214008794037,21400879
214008794038,21400879
214008794039,21400879
214008794040,21400879
214009084041,21400908
214009084042,21400908
214009084043,21400908
214009084044,21400908
214009084045,21400908
214009084046,21400908
214009084047,21400908
214009084048,21400908
214009084049,21400908
214009084050,21400908
214009084051,21400908
214009084052,21400908
214009084053,21400908
214008794054,21400879
214008794055,21400879
214008794056,21400879
214008794057,21400879
214008794058,21400879
214008794059,21400879
214008794060,21400879
214008794061,21400879
214008794062,21400879
214008794063,21400879
214008794065,21400879
214008794066,21400879
214008794069,21400879
214008794070,21400879
214008794071,21400879
214008794072,21400879
214008794073,21400879
214009024085,21400902
214009024086,21400902
214009024087,21400902
214009024088,21400902
214009024089,21400902
214009024090,21400902
214009024091,21400902
214009024092,21400902
214009024093,21400902
214009024094,21400902
214009024095,21400902
214009024096,21400902
214009024097,21400902
214009024098,21400902
214009024099,21400902
214009024100,21400902
214008884101,21400888
214008884102,21400888
214008884103,21400888
214008884104,21400888
214008884105,21400888
214008884106,21400888
214008884107,21400888
214008884108,21400888
214008884109,21400888
214008884110,21400888
214008884111,21400888
214008884112,21400888
214008884113,21400888
214008884114,21400888
214008884115,21400888
214008884116,21400888
214009024117,21400902
214009024118,21400902
214009024119,21400902
214009024120,21400902
214009024121,21400902
214008884122,21400888
214008884123,21400888
214008884124,21400888
214008884125,21400888
214008884126,21400888
214008884127,21400888
214008884128,21400888
214008884129,21400888
214008994134,21400899
214008994135,21400899
214008994137,21400899
214008904143,21400890
214008904144,21400890
214008904145,21400890
214008904146,21400890
214008904147,21400890
214008904148,21400890
214008904149,21400890
214008904150,21400890
214008904151,21400890
214008904152,21400890
214008904153,21400890
214008904154,21400890
214008904155,21400890
214008904156,21400890
214008824157,21400882
214008824158,21400882
214008824159,21400882
214008824160,21400882
214008824161,21400882
214008824162,21400882
214008824163,21400882
214008824164,21400882
214008824165,21400882
214008824166,21400882
214008824167,21400882
214008824168,21400882
214008824169,21400882
214008824170,21400882
214008824171,21400882
214008824172,21400882
214009024173,21400902
214009024174,21400902
214009024175,21400902
214009024176,21400902
214008884177,21400888
214008884178,21400888
214008884179,21400888
214008884180,21400888
214008884181,21400888
214008884182,21400888
214008884183,21400888
214008884184,21400888
214008884185,21400888
214008994186,21400899
214008994187,21400899
214008994188,21400899
214008994189,21400899
214008994190,21400899
214008864191,21400886
214008864193,21400886
214008864194,21400886
214008864195,21400886
214008864196,21400886
214008864197,21400886
214008864198,21400886
214008864199,21400886
214008884200,21400888
214008884201,21400888
214009024247,21400902
214009024248,21400902
214009024249,21400902
214009024250,21400902
214009024251,21400902
214009024252,21400902
214008884253,21400888
214008884254,21400888
214008884255,21400888
214008884256,21400888
214008884257,21400888
214008884258,21400888
214008884259,21400888
214008884260,21400888
214008884261,21400888
214008884262,21400888
