shot_id,shot_distance,time_clock,shot_result,quarter
214008994,1.13,10.9,False,2
214008909,6.83,17.4,False,2
2140089010,7.47,16.0,False,2
2140089011,4.45,12.1,True,4
2140089012,1.8,4.3,True,4
2140088213,8.05,4.4,False,4
2140089928,4.51,1.3,False,2
2140089035,2.41,11.0,False,1
2140089036,1.8,12.3,True,1
2140089037,4.05,9.9,True,1
2140089038,4.51,9.2,False,1
2140089039,4.51,4.8,False,2
2140089040,1.83,12.8,False,2
2140089041,1.83,10.0,True,2
2140089042,2.07,10.5,False,2
2140089043,0.52,6.3,False,2
2140089044,2.5,9.0,True,2
2140089045,4.85,12.0,True,2
2140089046,0.98,6.7,True,3
2140089047,2.59,10.4,False,3
2140089048,4.88,12.0,True,3
2140089049,4.75,3.6,True,4
2140089051,1.1,11.0,True,4
2140089052,3.63,7.1,False,4
2140089053,1.19,10.0,False,4
2140088254,5.0,7.9,True,1
2140088255,2.26,13.2,False,1
2140088256,3.26,8.0,False,1
2140088257,4.88,5.1,False,1
2140088258,7.32,3.9,True,1
2140088259,3.14,6.3,False,1
2140088260,1.25,13.7,False,2
2140088261,5.06,15.2,False,3
2140088262,3.9,12.2,False,3
2140088263,4.54,11.6,True,3
2140088264,2.41,12.7,False,3
2140088265,4.82,9.4,True,4
2140088266,1.89,11.0,True,4
2140088267,6.22,7.3,False,4
2140088268,1.4,9.0,True,4
2140088269,4.88,5.0,True,4
2140089970,6.68,12.5,False,2
2140089971,3.75,4.8,False,2
2140089973,0.4,23.8,False,3
2140089080,0.52,13.0,True,1
2140089083,1.52,20.2,True,3
2140088285,0.55,24.0,True,1
2140088286,1.65,14.2,True,1
2140088287,0.21,13.9,True,1
2140088288,2.93,12.0,False,1
2140088289,5.43,11.0,True,1
2140088290,0.73,15.3,False,2
2140088291,1.22,18.0,True,3
2140088292,1.31,20.4,True,3
2140088293,1.77,22.8,True,4
2140088294,6.25,5.0,False,4
2140090295,6.19,15.4,True,1
2140090296,8.02,20.2,False,1
2140090297,7.59,0.7,False,1
2140090298,6.19,10.0,False,2
2140090299,1.46,16.1,True,3
21400902100,6.0,15.4,True,3
21400902101,3.84,16.1,True,3
21400902102,6.4,15.2,True,3
21400902103,5.94,10.9,False,4
21400902104,2.99,5.7,False,4
21400902105,7.41,11.0,False,4
21400902106,7.53,6.1,True,4
21400902107,5.61,15.2,False,4
21400888108,5.82,11.8,False,1
21400888109,7.32,13.4,False,1
21400888110,5.27,11.3,False,1
21400888111,5.67,16.0,True,1
21400888112,0.82,6.7,False,2
21400888113,7.22,7.4,True,2
21400888114,6.19,20.8,False,2
21400888115,6.19,15.0,True,3
21400888116,7.44,19.2,False,3
21400888117,5.18,17.7,True,3
21400888118,7.71,18.0,False,3
21400888119,7.28,8.2,True,3
21400888120,5.7,0.5,False,3
21400888121,6.28,14.8,True,3
21400888122,5.94,15.6,False,4
21400888123,7.5,0.0,False,4
21400888124,8.05,0.0,False,4
21400899133,5.64,20.3,False,3
21400890136,6.19,12.5,False,1
21400890137,6.8,13.6,True,1
21400890138,2.04,15.5,False,2
21400890139,6.43,14.7,True,2
21400890141,5.21,8.3,False,2
21400890142,6.92,19.3,True,2
21400890143,8.56,0.0,False,2
21400890144,6.13,11.0,False,3
21400890145,1.46,20.0,True,3
21400890146,0.94,15.9,True,3
21400890147,1.95,9.8,True,3
21400890148,6.89,12.9,True,4
21400890150,6.49,3.2,False,4
21400882151,5.12,15.1,False,2
21400882152,4.3,6.3,False,2
21400882153,5.15,15.3,False,2
21400882154,6.74,0.0,True,2
21400882155,4.85,19.3,True,3
21400882156,6.83,19.6,True,3
21400882157,6.13,7.9,True,3
21400882158,7.41,4.6,False,3
21400882159,6.98,8.2,True,3
21400882160,5.39,12.9,False,4
21400882161,0.98,21.5,True,4
21400882162,7.01,11.2,False,4
21400882163,0.82,8.3,True,4
21400890195,3.93,13.3,True,2
21400890196,5.49,15.2,False,2
21400882197,7.22,8.1,False,2
21400882198,1.16,21.1,True,2
21400882199,2.83,11.4,False,2
21400882200,5.15,18.6,True,2
21400882201,0.37,20.1,False,2
21400882202,6.19,5.6,False,4
21400882203,7.53,7.8,False,4
21400899207,6.68,21.9,True,2
21400899209,7.59,17.8,True,2
21400899210,0.73,16.3,False,2
21400899211,0.79,16.2,False,2
21400890217,7.44,21.5,False,4
21400882218,3.54,10.1,True,1
21400882219,7.68,9.6,True,2
21400882220,3.84,10.0,False,2
21400882221,6.58,11.0,True,3
21400882222,7.68,14.5,False,3
21400882223,7.04,22.3,False,4
21400898226,7.41,14.0,True,1
21400898227,6.77,3.4,False,1
21400898228,4.02,4.9,False,1
21400898229,7.5,3.8,False,2
21400898230,5.03,8.3,False,3
21400898231,6.07,11.6,True,3
21400898232,1.04,18.1,True,3
21400898233,7.92,10.2,False,3
21400898235,6.83,12.3,True,4
21400898236,3.75,0.0,True,4
21400894237,5.67,13.0,True,1
21400894238,7.56,16.3,False,1
21400894239,2.41,4.7,False,1
21400894240,1.1,18.9,False,1
21400894241,6.83,9.0,False,1
21400894242,7.8,10.0,False,1
21400894243,7.22,7.6,False,2
21400894244,7.38,8.1,False,2
21400894245,7.38,1.5,True,2
21400894246,0.43,12.5,True,3
21400894247,0.61,14.5,True,3
21400894248,6.25,7.0,True,3
21400894249,3.87,19.7,True,3
21400894250,5.67,14.6,False,3
21400894251,0.3,24.0,True,3
21400894252,3.44,8.5,False,3
21400894253,5.15,19.9,True,3
21400894254,3.9,7.7,True,4
21400894255,8.32,2.7,False,4
21400898256,4.24,0.0,False,1
21400898257,4.27,7.5,True,2
21400898258,6.86,2.8,False,2
21400898259,1.62,4.7,True,2
21400898260,6.07,4.7,False,3
21400898262,0.94,22.0,True,4
21400894263,1.1,24.0,True,1
21400894264,4.15,13.0,False,1
21400894266,6.83,8.7,False,2
21400894267,0.76,1.7,True,2
21400904268,0.58,9.2,False,1
21400904271,1.13,9.8,False,2
21400878276,0.73,11.1,True,1
21400878277,1.43,15.1,False,1
21400878278,0.67,24.0,False,1
21400878279,0.55,10.2,True,1
21400878280,4.42,8.8,True,2
21400878281,4.88,12.0,True,2
21400878282,2.47,9.6,False,2
21400878283,5.88,11.7,False,3
21400878285,0.34,2.9,True,4
21400898286,2.38,6.8,True,1
21400898287,5.52,3.8,False,1
21400898288,0.98,16.9,False,1
21400898289,0.67,10.5,True,2
21400898290,0.46,12.8,True,2
21400898291,2.9,11.4,False,3
21400898292,2.07,8.1,True,4
21400898293,5.79,8.8,True,4
21400898294,1.1,3.0,True,4
21400898295,4.88,13.7,True,4
21400894297,0.7,2.2,True,1
21400894298,3.38,10.6,False,1
21400894304,0.7,24.0,False,4
21400894308,2.53,1.2,False,4
21400898310,7.1,7.7,True,1
21400898311,7.53,2.1,False,1
21400898312,7.62,11.3,False,3
21400898313,7.1,9.7,False,3
21400894314,6.61,9.5,False,1
21400894315,7.59,13.4,True,1
21400894316,7.35,14.4,False,1
21400894317,2.5,15.8,False,2
21400894318,6.8,6.8,False,4
21400898319,7.68,11.3,False,1
21400898320,8.11,6.4,False,1
21400898321,7.96,2.1,False,2
21400898322,1.37,5.5,True,3
21400894324,6.86,17.1,True,1
21400894325,7.41,19.8,False,1
21400894326,1.16,17.3,True,2
21400894327,7.68,14.9,False,3
21400894328,7.65,5.0,True,4
21400898329,2.5,8.4,False,1
21400898331,0.12,7.9,True,1
21400898332,7.74,5.8,False,2
21400898333,2.99,11.5,False,2
21400898334,5.39,12.1,False,2
21400898335,5.76,13.7,True,3
21400898336,5.94,9.2,True,3
21400898337,5.79,3.8,False,3
21400898338,4.88,17.0,True,3
21400898339,7.83,10.6,False,4
21400898340,5.97,6.0,True,4
21400898341,7.65,8.6,False,4
21400898342,6.95,9.5,False,4
21400898343,2.38,14.7,False,4
21400898344,2.68,18.8,True,4
21400894346,4.57,4.1,False,1
21400894347,7.96,5.7,False,1
21400894348,4.11,2.5,False,2
21400894349,4.11,9.7,True,2
21400894350,4.94,7.0,True,2
21400894351,7.19,18.2,False,2
21400894352,8.05,12.8,False,2
21400894353,8.02,0.0,False,2
21400894354,7.19,1.1,False,3
21400894355,7.53,5.3,False,3
21400894356,1.68,9.2,False,4
21400898357,1.16,22.5,False,1
21400898358,0.21,19.5,True,1
21400898362,0.61,10.1,True,3
21400898363,1.07,18.1,False,3
21400898365,1.71,19.5,False,4
21400894366,0.03,0.1,False,1
21400894367,0.4,22.2,False,1
21400894371,1.01,5.6,True,3
21400894372,0.58,8.3,True,4
21400894373,1.37,5.8,True,4
21400894374,1.16,20.1,True,4
21400894375,1.68,7.2,True,4
21400905405,4.85,5.5,True,2
21400905406,1.34,12.9,True,2
21400905407,7.25,5.5,False,2
21400905408,5.46,13.0,False,3
21400905410,0.18,20.9,False,3
21400905411,7.38,17.3,True,3
21400905412,7.56,18.2,False,4
21400905413,0.73,10.2,True,4
21400905414,6.0,19.3,True,4
21400905415,5.64,14.1,False,4
21400905416,8.11,0.0,False,4
21400890417,7.13,13.6,True,1
21400890418,5.3,9.9,True,1
21400890419,5.91,18.5,False,1
21400890420,1.1,13.3,False,2
21400890421,1.98,20.7,False,2
21400890422,5.79,14.7,False,2
21400890423,5.09,3.3,True,3
21400890424,1.98,13.6,False,3
21400890425,7.5,5.8,True,3
21400878433,0.73,13.0,False,1
21400878434,1.77,11.3,True,2
21400878435,5.18,9.2,False,2
21400878436,0.91,22.6,True,2
21400878437,7.77,1.8,False,3
21400878438,7.83,2.6,False,3
21400878439,0.7,14.2,True,4
21400878440,0.64,12.3,True,4
21400878441,4.57,18.3,True,4
21400878442,1.68,15.6,False,4
21400878443,1.25,16.7,False,4
21400878444,7.35,8.0,True,4
21400878445,0.76,19.8,True,4
21400878446,3.93,21.6,False,4
21400905465,7.35,12.5,True,1
21400905466,3.81,18.5,True,1
21400905467,6.55,13.2,False,1
21400905468,5.27,18.2,False,1
21400905469,0.73,21.6,True,1
21400905470,7.38,16.9,False,2
21400905471,1.89,11.6,True,2
21400905472,7.19,13.0,True,2
21400905473,3.81,14.9,False,3
21400905474,1.34,18.2,False,3
21400905475,7.68,5.3,False,3
21400905476,2.71,16.8,False,3
21400905477,0.4,19.6,True,3
21400905478,6.83,9.9,False,3
21400905479,6.46,10.1,False,4
21400890480,7.25,11.3,True,1
21400890481,5.39,17.4,True,1
21400890482,7.41,13.4,False,1
21400890483,6.31,7.5,False,2
21400890484,5.27,20.2,False,2
21400890485,5.52,17.6,False,3
21400890486,1.22,4.6,False,3
21400890487,1.62,15.8,False,4
21400878488,7.59,15.5,False,1
21400878489,1.22,11.0,True,1
21400878490,7.04,18.0,False,2
21400878491,0.73,20.3,True,2
21400878492,5.7,9.9,True,2
21400878493,5.46,5.0,False,2
21400878494,6.61,16.8,True,3
21400878495,7.38,13.9,True,3
21400878496,7.01,11.5,False,4
21400878497,7.28,18.0,False,4
21400878498,7.56,14.0,False,4
21400878499,1.4,11.6,False,4
21400878500,5.85,23.0,False,4
21400878501,7.07,22.2,False,4
21400878502,7.25,8.6,False,4
21400905503,6.0,8.7,False,2
21400905504,1.25,7.5,True,2
21400905505,7.35,11.0,True,2
21400905506,1.13,18.4,True,4
21400905507,6.71,9.5,True,4
21400905508,5.18,18.8,False,4
21400905509,7.32,14.2,False,4
21400905510,6.61,14.3,True,4
21400905511,7.38,13.0,False,4
21400905512,4.3,0.0,False,4
21400890513,1.34,19.9,True,1
21400890514,6.95,11.1,False,2
21400890515,0.55,24.0,False,2
21400890516,0.91,24.0,True,2
21400890517,7.71,20.4,False,2
21400890518,6.89,6.0,True,4
21400890519,1.4,19.2,True,4
21400878520,5.73,18.9,True,1
21400878521,6.92,11.1,False,2
21400878522,6.37,8.2,False,2
21400878523,1.13,18.4,False,2
21400878524,0.94,7.2,False,2
21400878525,6.83,15.3,True,2
21400878526,7.59,11.6,True,2
21400878527,7.56,18.3,False,2
21400905528,6.25,3.3,False,1
21400905529,1.34,16.2,False,2
21400905530,4.18,15.0,False,2
21400905531,6.13,12.1,True,2
21400905533,2.47,11.6,False,4
21400905534,5.52,15.9,True,4
21400905535,1.68,4.3,False,4
21400905536,6.22,2.0,False,4
21400905538,5.12,11.7,False,4
21400905539,0.7,11.2,True,4
21400905541,7.65,0.0,False,4
21400890542,4.51,11.4,False,1
21400890543,6.49,11.1,False,1
21400890545,3.99,6.4,False,2
21400890546,5.94,7.6,False,2
21400890547,6.04,11.8,False,3
21400890549,1.89,6.7,True,4
21400890550,6.07,10.2,True,4
21400890551,6.49,4.0,False,4
21400890552,5.67,6.5,True,4
21400890553,6.07,17.0,False,4
21400890554,0.55,0.0,True,4
21400878555,5.03,18.1,False,1
21400878556,5.36,5.9,True,2
21400878557,2.32,7.8,False,2
21400878558,5.79,4.6,False,2
21400878559,6.55,15.1,True,3
21400878560,6.61,15.0,True,4
21400878561,3.26,16.2,True,4
21400878562,1.55,12.4,False,4
21400878563,1.46,12.2,False,4
21400878564,7.71,0.0,True,4
21400890568,4.69,11.4,True,1
21400890569,3.02,18.6,False,1
21400890570,4.94,15.0,True,1
21400890571,5.0,2.0,False,2
21400890572,3.54,6.3,False,3
21400890573,6.19,1.6,False,3
21400878574,4.02,15.0,True,1
21400878575,2.1,7.7,False,1
21400878576,2.38,9.1,False,3
21400878577,2.9,7.4,True,3
21400878578,1.89,17.0,True,3
21400907579,1.68,10.0,False,1
21400907580,7.01,14.0,False,1
21400907581,0.43,12.0,True,1
21400907583,1.19,18.3,False,2
21400907584,5.61,11.5,True,2
21400907585,6.95,5.1,False,3
21400886592,6.98,16.3,False,4
21400880593,6.92,15.1,True,1
21400880594,7.65,17.6,True,1
21400880596,7.53,7.1,False,1
21400880597,0.49,24.0,False,1
21400880598,5.85,11.0,True,2
21400880599,6.83,13.4,False,2
21400880600,5.03,13.8,False,2
21400880601,7.56,17.4,True,2
21400880602,6.89,12.7,False,3
21400880603,1.71,6.1,False,3
21400880604,6.98,16.0,False,3
21400880605,0.88,24.0,True,3
21400880606,2.47,7.7,True,4
21400880607,2.13,16.3,False,2
21400880608,1.46,10.1,False,2
21400907609,2.44,16.3,False,1
21400907610,7.89,16.6,False,1
21400907611,7.25,11.0,True,1
21400907612,8.38,18.5,True,1
21400907613,8.93,0.0,False,1
21400907615,2.87,0.6,False,2
21400907616,7.77,17.6,False,3
21400907617,7.47,20.2,False,3
21400907618,7.19,13.3,False,4
21400907619,7.22,13.1,True,4
21400907620,8.44,16.6,True,4
21400907621,8.32,18.0,True,4
21400907622,7.28,17.0,False,4
21400907623,2.01,15.5,False,4
21400907624,7.1,20.5,True,4
21400886634,7.25,18.8,False,4
21400886635,7.62,21.4,False,4
21400886637,7.25,14.8,True,4
21400880641,0.27,17.8,True,1
21400880642,7.77,19.2,True,1
21400880643,1.01,9.5,False,1
21400880644,7.47,6.0,False,1
21400880645,3.47,16.3,True,1
21400880647,7.68,17.6,True,1
21400880648,3.87,17.4,True,1
21400880649,6.95,17.6,False,1
21400880650,7.5,15.6,False,1
21400880651,7.04,16.0,False,2
21400880652,1.83,18.2,True,2
21400880653,7.77,21.0,True,2
21400880656,1.16,21.5,True,3
21400880657,7.41,20.9,True,3
21400880658,7.07,11.9,False,3
21400880659,7.47,17.1,True,4
21400880661,7.44,17.3,False,4
21400880662,5.64,12.0,True,4
21400907663,2.35,12.1,True,1
21400907664,2.44,12.2,False,1
21400907665,7.53,0.0,True,1
21400907666,7.56,6.6,True,2
21400907667,7.92,19.1,False,2
21400907668,6.92,19.1,False,2
21400907669,7.62,13.6,True,2
21400907670,1.34,19.0,True,2
21400907671,3.05,11.1,False,3
21400907672,5.58,14.0,False,3
21400907673,3.41,3.0,False,3
21400907674,8.47,0.0,False,3
21400907675,4.11,10.1,False,4
21400907676,7.96,1.0,False,4
21400907677,1.46,6.9,False,4
21400907678,7.19,8.4,False,4
21400886685,8.2,19.6,False,2
21400880696,5.55,16.1,True,1
21400880697,8.23,16.9,False,1
21400880698,7.56,13.3,False,1
21400880699,7.04,16.7,True,1
21400880700,7.35,16.4,False,1
21400880701,3.87,18.5,True,2
21400880702,7.53,9.6,False,2
21400880703,0.61,16.8,True,2
21400880704,1.01,12.5,True,2
21400880705,5.27,18.0,False,2
21400880707,6.58,8.9,True,3
21400880708,7.22,4.8,False,3
21400880709,5.7,11.6,False,3
21400880711,2.56,14.4,True,3
21400880712,7.47,3.5,False,3
21400880713,6.71,18.7,True,3
21400880714,7.38,12.8,True,3
21400880715,7.35,16.0,False,3
21400880716,5.3,13.5,False,4
21400880717,2.35,1.2,False,4
21400907725,2.68,20.5,False,2
21400907726,0.91,15.0,True,2
21400907727,1.95,12.8,True,3
21400907728,2.56,18.4,True,3
21400907729,4.51,6.0,True,3
21400907730,3.84,8.4,False,3
21400907731,2.26,13.6,True,4
21400907732,2.44,8.2,False,4
21400907733,1.19,14.1,True,4
21400907734,0.82,4.5,True,4
21400886739,1.43,19.7,False,2
21400880743,4.42,13.1,False,2
21400880744,2.96,18.0,False,2
21400880745,4.69,0.0,True,3
21400880746,1.68,12.0,True,4
21400880747,3.81,9.4,False,4
21400907768,7.59,15.8,False,1
21400907769,7.35,5.8,True,3
21400907770,0.82,8.4,False,4
21400907771,0.73,7.7,True,4
21400886774,5.79,9.7,True,2
21400886775,2.04,17.1,False,2
21400880780,0.3,19.9,True,3
21400880782,0.91,10.4,True,4
21400880783,0.94,1.3,True,4
21400907784,7.68,1.6,False,1
21400907785,0.4,20.2,True,1
21400907786,0.79,0.0,True,1
21400907787,7.71,7.3,True,1
21400907788,7.59,1.4,True,1
21400907789,7.56,1.0,False,1
21400907790,7.5,8.0,True,2
21400907791,9.11,0.4,False,2
21400907792,7.68,12.9,False,2
21400907793,7.53,12.5,False,3
21400907794,1.01,19.4,True,3
21400907795,7.68,6.0,True,4
21400907796,1.19,20.8,True,4
21400907797,0.76,24.0,True,4
21400880803,7.53,9.6,False,1
21400880804,1.8,15.2,False,1
21400880805,1.68,18.4,False,1
21400880808,7.65,17.8,False,3
21400880809,7.47,2.7,True,4
21400880810,2.04,11.8,False,4
21400880811,7.62,16.4,True,4
21400880813,1.4,14.0,True,4
21400880814,1.62,5.3,False,4
21400880815,0.67,4.6,True,4
21400892816,1.19,18.0,True,1
21400892817,0.27,24.0,True,2
21400892818,6.25,9.6,True,2
21400892819,2.19,13.0,False,2
21400892820,6.1,14.8,False,2
21400892821,5.7,4.3,False,3
21400892822,0.67,14.0,True,3
21400892823,5.79,9.0,True,3
21400892824,1.71,4.1,True,3
21400892825,1.19,14.4,True,3
21400892826,4.97,14.0,False,3
21400892827,1.92,12.7,False,4
21400892828,0.7,13.8,True,4
21400892829,5.88,12.1,True,4
21400892830,1.95,14.3,False,1
21400892831,2.16,7.7,True,1
21400892832,1.49,12.5,False,1
21400892833,7.35,17.1,True,2
21400892834,4.6,13.4,False,2
21400892835,1.43,17.7,False,2
21400892836,1.19,6.2,True,2
21400892837,7.35,10.9,True,3
21400892838,6.25,13.0,True,3
21400892839,7.38,17.1,False,3
21400892840,6.74,0.0,False,3
21400892841,1.49,3.5,False,4
21400892842,5.39,17.3,True,4
21400892843,5.09,15.1,False,4
21400892844,5.15,12.0,True,1
21400892845,5.88,12.4,False,1
21400892846,1.28,8.2,False,1
21400892847,2.13,9.2,False,1
21400892848,1.95,6.8,False,2
21400892849,4.57,23.1,False,2
21400892850,0.52,14.9,False,2
21400892851,0.52,14.8,True,2
21400892852,7.59,14.7,False,3
21400892853,7.62,20.2,False,3
21400892854,1.28,19.0,True,3
21400892855,1.31,11.6,True,3
21400892856,1.86,17.0,True,4
21400892857,0.09,18.4,True,4
21400892858,6.46,11.0,False,4
21400892859,1.68,8.0,False,4
21400892860,1.58,13.7,True,1
21400892861,6.46,22.7,False,1
21400892862,6.34,8.1,True,2
21400892863,6.49,9.5,False,2
21400892864,8.26,16.7,False,2
21400892865,7.25,21.3,False,3
21400892866,8.84,1.6,True,1
21400892867,7.65,15.3,False,3
21400892868,7.71,3.3,False,4
21400892869,7.5,10.1,False,1
21400892870,11.83,0.0,False,1
21400892871,2.32,4.4,False,2
21400892872,0.94,11.2,False,2
21400892873,7.62,11.8,False,3
21400892874,6.31,10.6,False,2
21400892875,5.97,8.0,False,2
21400892876,2.96,15.1,True,2
21400892877,4.51,16.0,False,2
21400892878,6.55,7.4,False,4
21400892879,0.46,11.6,True,4
21400892880,3.47,15.8,True,4
21400892881,7.47,17.9,False,4
21400892882,7.62,12.0,True,4
21400892883,7.62,12.0,False,4
21400892884,6.37,13.5,False,1
21400892885,1.07,11.9,True,1
21400892886,7.56,15.4,True,1
21400892887,5.15,18.2,False,1
21400892888,2.23,5.0,True,2
21400892889,7.53,14.3,False,3
21400892890,3.41,9.5,True,3
21400892891,5.0,15.6,False,3
21400892892,1.92,16.0,True,3
21400892893,1.28,8.8,True,4
21400892894,7.22,20.6,True,4
21400892895,7.56,15.7,False,4
21400892896,0.67,24.0,True,1
21400892897,0.61,21.2,False,1
21400892898,1.1,15.5,True,2
21400892899,0.82,18.0,True,3
21400892900,7.35,19.1,False,3
21400892901,7.28,17.5,True,4
21400893902,1.65,18.3,False,1
21400893903,0.46,24.0,True,1
21400893904,3.23,4.8,False,1
21400893905,0.76,15.7,True,1
21400893906,0.82,17.1,True,2
21400893907,0.88,7.9,True,2
21400893908,0.34,11.3,True,2
21400893909,3.54,17.0,False,3
21400893910,0.27,12.5,True,4
21400893911,6.77,13.6,True,1
21400893912,6.98,8.3,True,2
21400893913,6.89,15.7,False,2
21400893914,5.73,9.9,False,3
21400893915,3.57,11.5,True,4
21400893916,6.04,13.0,False,1
21400893917,4.51,15.5,False,1
21400893918,1.95,12.2,True,1
21400893919,5.21,10.5,True,2
21400893920,3.99,3.8,False,2
21400893921,0.61,11.0,False,2
21400893922,6.16,12.9,False,3
21400893923,6.37,8.8,True,3
21400893924,7.22,18.8,False,3
21400893925,5.91,7.9,True,3
21400893926,0.43,4.0,False,4
21400893927,7.59,20.0,False,4
21400893928,5.39,13.5,False,4
21400893929,6.95,11.4,False,4
21400893930,1.34,11.7,True,4
21400893931,1.25,9.4,True,4
21400893932,7.74,16.4,False,4
21400893933,7.83,0.0,False,4
21400906934,0.98,0.0,True,1
21400906935,3.9,14.5,False,2
21400906936,8.35,1.4,False,4
21400669937,5.36,2.1,False,2
21400879938,4.63,9.2,True,1
21400879939,2.26,15.0,True,1
21400879940,4.05,4.2,False,1
21400879941,4.79,19.6,True,1
21400879942,5.24,5.0,True,2
21400879943,4.85,15.0,True,3
21400879944,3.47,1.4,True,4
21400893945,2.44,17.3,False,2
21400893946,1.49,16.3,True,2
21400893947,2.23,4.5,True,2
21400893948,2.5,3.4,True,3
21400893949,1.31,24.0,False,3
21400893950,1.31,24.0,False,3
21400893951,2.1,7.9,False,3
21400893952,4.42,16.5,False,3
21400893953,5.0,6.5,True,1
21400893954,4.27,18.0,False,1
21400893955,7.41,10.9,False,1
21400893956,1.04,5.7,True,2
21400893957,3.44,17.5,False,2
21400893958,7.38,16.6,True,3
21400893959,7.62,17.7,True,3
21400893960,6.4,14.3,False,3
21400893961,7.47,17.7,True,4
21400893962,7.59,19.4,True,4
21400893963,7.41,4.7,True,4
21400893968,7.32,7.0,False,1
21400893969,7.32,18.4,False,1
21400893970,6.37,16.5,False,1
21400893971,2.26,19.6,True,1
21400893972,1.22,21.5,True,1
21400893973,1.34,12.3,True,1
21400893974,1.43,0.3,False,2
21400893975,0.88,19.7,False,2
21400893976,0.82,21.1,False,3
21400893977,5.0,19.0,True,3
21400893978,5.12,5.7,True,3
21400893979,4.15,13.2,True,3
21400893980,6.8,6.4,False,3
21400893981,5.36,8.2,False,3
21400893982,2.44,14.0,False,3
21400893983,8.63,0.0,True,3
21400893984,0.91,20.8,True,4
21400893985,4.6,10.3,False,4
21400893986,1.68,10.9,False,4
21400893987,3.51,15.9,False,4
214009031003,0.98,19.0,False,1
214009031004,6.37,7.7,False,1
214009031005,0.98,19.0,True,1
214009031006,7.71,18.6,False,1
214009031007,6.49,4.9,True,1
214009031008,0.91,17.6,True,2
214009031009,0.58,6.6,False,2
214009031010,6.49,12.0,True,2
214009031011,1.19,18.0,False,2
214009031012,7.44,9.0,False,2
214009031013,0.3,14.4,False,3
214009031016,6.13,14.3,False,3
214009031017,0.46,5.3,True,3
214009031018,7.74,3.7,False,3
214009031019,1.83,15.2,False,3
214009031020,7.01,10.8,True,3
214009031021,6.86,3.7,False,4
214009031022,1.62,11.3,True,4
214008891023,6.8,11.0,True,1
214008891024,7.5,9.1,False,1
214008891026,6.74,9.5,True,1
214008891027,6.04,11.9,True,2
214008891028,6.95,13.2,False,2
214008891029,1.58,12.7,False,2
214008891030,7.13,10.3,False,2
214008891033,6.22,13.0,True,3
214008891034,6.89,11.4,True,4
214008891035,0.85,9.0,False,4
214008891036,7.68,6.0,False,4
214008841037,1.58,2.0,False,1
214008841038,1.31,5.2,True,1
214008841039,1.19,16.9,True,1
214008841040,7.77,10.4,False,1
214008841041,0.82,19.9,True,1
214008841042,0.15,1.0,False,1
214008841043,4.39,24.0,True,2
214008841044,1.1,2.9,False,3
214008841045,1.13,9.0,True,3
214008841046,1.68,19.7,False,4
214008841047,1.25,11.4,True,4
214008841048,1.62,5.3,True,4
214008841049,7.32,2.5,False,4
214008841050,1.07,7.9,False,4
214009031051,8.14,11.9,False,2
214008891052,1.74,23.2,False,1
214008891054,5.33,10.0,False,3
214008841055,7.1,11.6,False,3
214008841056,0.91,10.1,True,3
214008841057,5.09,13.7,True,4
214008841058,8.05,3.1,False,4
214009031060,6.1,12.5,False,1
214009031061,5.73,13.0,False,1
214009031062,1.19,11.2,False,1
214009031066,0.3,24.0,True,1
214009031068,4.48,23.3,False,2
214009031069,1.4,19.8,True,2
214009031075,0.98,21.9,True,3
214009031077,1.46,21.0,True,3
214009031081,4.79,9.0,False,3
214009031082,4.97,12.6,True,3
214009031083,3.23,8.3,True,4
214009031085,0.88,17.2,True,4
214009031089,1.92,12.0,False,1
214009031090,6.31,14.0,False,1
214009031091,6.1,11.0,False,3
214009031092,4.97,12.4,True,4
214009031093,6.1,6.0,False,4
214008891094,6.0,7.2,False,1
214008891096,6.43,10.0,False,1
214008891097,3.41,3.4,True,1
214008891098,4.51,12.2,False,2
214008891099,0.37,9.6,False,2
214008891100,6.25,12.8,False,2
214008891101,5.61,12.2,False,2
214008891102,5.64,6.0,True,3
214008891103,5.3,5.7,False,3
214008891104,5.55,9.1,True,4
214008891105,0.85,10.8,True,4
214008891106,6.0,14.9,True,4
214008891108,0.52,0.0,True,4
214008841109,4.42,8.1,False,1
214008841110,5.76,10.9,True,2
214008841111,5.79,7.4,True,2
214008841112,5.64,15.2,True,2
214008841113,5.76,11.0,False,2
214008841114,6.0,6.4,False,2
214008841115,2.35,9.9,False,2
214008841116,0.37,19.6,True,2
214008841117,3.9,13.7,False,3
214008841118,6.0,11.8,True,3
214008841119,4.18,7.6,True,4
214008841120,6.22,6.7,True,4
214009001150,0.15,24.0,True,2
214008851151,0.76,18.1,True,2
214008851152,0.61,23.4,False,2
214008851153,1.01,18.4,True,2
214008851154,0.76,11.3,True,4
214009001155,7.13,13.9,False,1
214009001156,7.5,10.4,False,2
214009001157,5.91,7.6,False,2
214009001158,0.61,12.3,True,2
214009001159,7.35,17.9,False,2
214009001160,3.05,11.7,True,2
214009001161,6.89,15.0,True,4
214009001162,8.2,0.9,True,4
214009001163,1.19,22.6,True,4
214008851164,7.16,11.4,True,2
214008851165,4.91,14.5,False,2
214008851166,7.1,12.1,True,3
214008851167,7.41,14.7,True,3
214008851168,7.32,20.1,False,4
214008851169,0.37,9.7,False,4
214008851170,7.44,16.0,False,4
214008851171,3.32,7.8,False,4
214008851173,7.19,4.8,True,4
214009001174,2.47,7.0,False,1
214009001175,1.43,9.0,False,2
214009001176,7.89,1.0,False,2
214009001177,1.65,16.1,False,2
214009001178,2.44,10.3,True,4
214008851181,0.82,16.4,False,1
214008851182,0.43,24.0,True,3
214009001183,6.34,16.4,True,1
214009001184,2.38,3.3,False,1
214009001185,7.41,8.0,False,2
214009001186,2.56,15.2,False,3
214009001187,7.41,20.1,True,3
214009001188,7.44,9.7,False,4
214009001189,1.22,0.0,False,4
214008851190,7.22,15.0,True,1
214008851191,1.16,14.9,True,2
214008851192,6.16,11.5,True,3
214008851194,3.44,12.7,True,3
214008851195,8.02,17.1,False,4
214008851196,7.53,12.3,True,4
214009001199,8.26,12.5,True,4
214009001200,1.28,16.6,True,4
214009001201,8.41,12.2,True,4
214009001202,5.43,11.0,False,4
214009001203,1.74,9.3,True,4
214009001204,7.99,15.9,True,4
214009001205,1.04,19.8,True,4
214008851206,7.56,1.8,False,1
214008851207,5.27,13.1,False,2
214008851208,7.56,20.0,False,2
214008851209,7.65,14.7,False,2
214008851210,2.9,17.3,True,2
214008851211,8.08,9.0,True,3
214008851212,7.68,18.6,False,3
214008851213,4.21,11.2,True,4
214008851214,7.89,17.0,False,4
214008851215,7.89,13.8,False,4
214008851216,3.69,16.6,True,4
214008851217,7.38,13.1,False,4
214008851218,7.62,15.4,True,4
214009001221,1.62,19.2,False,1
214009001222,1.58,20.3,False,1
214009001223,7.44,15.0,True,1
214009001224,2.26,12.2,True,2
214009001225,6.25,5.6,True,3
214009001226,1.52,21.7,True,3
214009001227,7.32,2.6,False,3
214009001228,1.1,19.1,True,3
214009001229,0.79,10.0,False,3
214008851230,1.8,10.8,True,3
214008851231,0.15,24.0,True,3
214008851232,1.04,17.9,False,3
214008851233,2.1,7.7,False,3
214009001234,6.04,13.5,False,1
214009001235,2.71,7.7,True,1
214009001236,2.96,9.3,False,1
214009001237,1.92,14.0,True,1
214009001238,2.41,3.4,True,1
214009001239,5.76,6.0,False,1
214009001240,1.49,12.9,True,2
214009001241,3.23,3.1,True,2
214009001242,1.55,7.4,True,3
214009001243,5.85,15.9,True,3
214009001244,2.19,23.3,False,3
214009001245,0.61,24.0,True,3
214009001247,1.04,12.1,True,4
214009001248,0.64,10.4,False,4
214009001250,1.25,9.5,True,4
214009001254,7.41,13.0,False,3
214009001255,7.07,19.7,False,3
214008851256,7.44,10.3,False,2
214008851257,5.12,15.1,False,2
214008851258,6.83,7.4,False,2
214008851259,7.16,17.4,True,2
214008851264,2.93,4.5,True,4
214008851265,1.22,23.4,False,4
214008891290,9.75,0.6,False,1
214008891291,1.65,18.0,False,2
214008891292,1.1,10.8,True,2
214008891293,2.35,19.4,True,2
214008891294,1.07,10.4,True,4
214008891295,1.22,5.1,False,4
214008891296,2.96,6.9,False,2
214008891297,8.11,17.6,False,2
214008891301,0.37,10.1,True,1
214008891302,7.56,13.3,True,1
214008891305,6.74,18.4,True,3
214008971326,7.38,1.8,False,3
214008821328,1.77,16.3,True,1
214008821329,7.56,10.0,True,1
214008821330,3.54,12.7,False,1
214008821332,1.19,20.7,True,1
214008821333,4.69,10.4,False,2
214008821334,1.16,24.0,True,2
214008821336,4.45,10.8,False,3
214008821337,1.92,17.8,False,3
214008821338,0.18,13.3,False,3
214008821339,2.53,10.6,False,4
214008821340,3.87,6.8,False,4
214008971343,7.44,13.2,False,2
214008821346,7.25,2.8,False,1
214008821347,6.8,3.4,True,1
214008821348,7.99,7.2,True,1
214008821350,6.95,10.3,False,3
214008971352,3.66,9.9,False,1
214008971357,1.13,24.0,True,2
214008971358,5.94,3.1,True,2
214008971365,1.52,12.0,False,3
214008971369,7.47,16.0,True,4
214008971371,1.04,21.3,True,4
214008971374,0.82,19.7,True,4
214008971375,2.19,21.6,False,4
214008821376,3.41,12.2,True,1
214008821377,6.0,15.0,False,1
214008821378,2.19,11.3,False,1
214008821379,6.61,11.3,False,2
214008821380,1.22,21.3,False,2
214008821381,3.23,14.8,True,2
214008821382,0.61,14.1,True,2
214008821383,3.29,15.8,False,3
214008821384,2.23,7.4,True,3
214008821385,7.53,17.8,True,3
214008821386,5.43,15.6,True,3
214008821387,7.13,13.8,False,3
214008971391,6.92,11.0,False,1
214008971392,1.62,22.4,True,2
214008971399,5.52,10.0,True,4
214008971400,2.9,12.6,False,4
214008821401,1.86,17.2,False,1
214008821402,5.39,3.9,False,2
214008821403,2.71,11.1,False,2
214008821404,1.46,14.7,False,3
214008971412,1.07,11.0,True,2
214008821421,5.91,9.8,False,1
214008821422,5.58,17.8,True,1
214008821423,2.23,11.1,False,1
214008821424,2.65,16.9,True,1
214008821425,5.49,11.0,False,1
214008821426,5.64,11.6,False,2
214008821427,5.09,5.3,False,2
214008821428,5.64,12.0,False,3
214008821429,2.62,10.0,False,4
214008821430,2.13,5.8,False,4
214008821431,2.19,11.0,True,4
214008821436,5.24,10.8,True,4
214008821438,6.74,15.5,False,4
214008821439,3.93,12.9,True,4
214008821440,7.19,15.6,False,4
214009001441,6.98,4.2,False,3
214009001442,5.06,1.5,True,3
214008911443,1.16,12.2,False,2
214008911444,3.14,14.1,False,4
214008911445,0.67,13.5,False,4
214008911446,7.62,18.0,False,4
214008911447,7.44,14.5,False,4
214008911448,6.98,1.6,False,4
214008831449,7.68,20.9,False,1
214008831450,7.5,13.3,False,1
214008831451,4.57,9.2,False,3
214008831452,7.41,6.4,True,4
214009001453,4.79,10.3,False,1
214009001454,5.49,11.5,True,1
214009001455,4.54,4.7,True,1
214009001456,0.09,24.0,False,1
214009001457,7.56,13.8,False,2
214009001458,1.37,17.2,True,2
214009001459,1.13,11.1,True,2
214009001460,0.7,5.3,True,2
214009001461,1.13,20.8,True,3
214009001462,7.5,20.0,True,3
214009001463,7.41,19.4,False,3
214009001464,4.57,13.5,False,3
214009001465,7.71,15.9,False,3
214009001466,0.67,10.0,True,3
214009001467,1.49,9.2,False,4
214009001468,6.61,0.1,True,4
214009001469,7.59,6.3,False,4
214008911473,6.89,21.0,True,1
214008911474,7.53,10.2,True,1
214008911475,6.64,14.3,False,1
214008911476,1.31,12.0,True,2
214008911477,7.5,8.6,False,3
214008911478,2.13,7.0,True,3
214008911479,1.46,17.1,True,3
214009001480,2.13,13.7,False,1
214009001481,1.65,15.2,False,1
214009001482,7.07,12.3,True,1
214009001483,8.26,0.0,False,1
214009001484,0.94,20.8,True,2
214009001485,1.74,16.2,False,2
214009001486,0.88,15.7,True,2
214009001487,7.07,14.4,False,3
214009001488,7.28,21.3,False,3
214009001489,4.69,1.4,True,3
214009001490,1.31,0.0,True,3
214009001491,1.62,11.9,False,4
214009001492,1.01,9.1,True,4
214009001493,7.89,2.0,True,4
214009001494,8.17,2.9,True,4
214009001495,0.79,1.5,True,4
214008911496,4.51,10.6,True,1
214008911497,6.04,8.2,False,1
214008911498,1.31,19.7,True,1
214008911499,5.15,10.2,True,1
214008911500,6.89,2.9,False,1
214008911501,3.14,20.2,True,1
214008911502,0.88,11.5,True,1
214008911503,2.41,9.6,False,1
214008911504,6.64,4.7,True,2
214008911505,1.46,4.8,False,2
214008911506,1.22,4.2,False,2
214008911507,1.07,21.8,True,2
214008911508,6.1,12.4,False,2
214008911509,1.74,16.5,True,2
214008911510,0.64,21.0,True,2
214008911511,12.5,0.0,False,2
214008911512,3.26,18.5,False,3
214008911513,0.64,4.1,True,3
214008911514,1.71,20.5,True,3
214008911515,0.37,18.6,False,3
214008911516,5.76,1.2,True,3
214008911517,1.77,14.4,False,3
214008911518,5.06,8.0,False,3
214008831519,0.82,6.8,True,1
214008831520,2.83,5.8,False,1
214008831521,1.31,7.4,True,1
214008831522,1.77,22.5,True,1
214008831523,7.65,4.5,False,1
214008831524,7.92,7.7,True,2
214008831525,1.25,6.9,True,2
214008831526,8.5,11.0,False,2
214008831527,2.35,21.3,True,2
214008831528,3.9,13.7,False,2
214008831529,3.63,9.0,True,2
214008831530,0.76,14.6,False,2
214008831531,2.26,5.0,False,2
214008831532,0.73,9.3,False,2
214008831533,7.89,0.0,False,2
214008831534,3.35,7.6,False,3
214008831535,7.8,8.3,True,3
214008831536,7.71,15.3,False,3
214008831537,5.7,3.9,True,3
214008831538,5.85,1.7,True,3
214008831539,7.68,16.1,True,3
214008831540,7.74,11.7,False,3
214008831541,0.67,19.9,True,3
214008831542,3.32,5.0,False,3
214008831543,4.88,7.8,True,4
214008831544,7.71,2.9,False,4
214008831545,1.95,14.8,False,4
214008831546,6.92,2.3,True,4
214008831547,7.71,3.5,False,4
214008831548,0.3,1.5,False,4
214008831549,7.16,2.0,False,4
214008831550,0.98,1.0,False,5
214008831551,7.86,10.7,False,5
214008831552,1.71,6.2,False,5
214008831553,7.89,24.0,True,5
214009001568,7.56,7.0,False,1
214009001569,6.37,15.3,True,1
214009001570,7.65,14.0,True,2
214009001571,6.83,14.3,True,2
214009001572,6.89,11.2,True,2
214009001573,7.07,8.0,True,2
214009001574,8.32,12.1,True,3
214009001575,8.69,9.9,False,3
214009001576,7.65,9.1,False,3
214009001577,6.86,9.0,False,4
214008911578,7.53,9.6,False,1
214008911579,7.65,11.2,True,1
214008911580,2.56,7.2,False,1
214008911581,7.44,2.9,False,1
214008911582,2.1,18.0,False,1
214008911583,0.7,20.5,True,2
214008911584,7.56,16.8,False,2
214008911585,7.59,8.7,False,3
214008911586,7.41,12.0,True,3
214008911587,1.04,21.2,True,3
214008831588,2.53,9.3,False,1
214008831589,7.53,13.7,False,1
214008831590,6.95,12.0,False,1
214008831591,2.04,13.9,True,1
214008831592,0.52,15.0,True,1
214008831593,0.94,5.1,True,1
214008831594,6.98,19.5,False,2
214008831595,3.57,6.0,False,2
214008831596,0.64,9.0,True,2
214008831597,1.74,13.4,True,2
214008831598,6.83,12.2,False,3
214008831599,7.71,9.7,True,3
214008831600,6.89,21.1,True,3
214008831601,7.77,6.5,True,3
214008831602,2.07,10.4,False,3
214008831603,7.65,15.9,False,3
214008831604,7.5,10.7,False,4
214008831605,7.56,2.5,False,4
214008831606,0.67,1.9,False,4
214008911607,8.63,3.7,False,4
214008911608,7.5,11.1,True,4
214008911610,5.82,4.1,False,4
214008911611,7.07,18.4,False,4
214008911612,7.38,21.5,True,4
214008961619,5.24,8.7,True,4
214008961620,7.62,9.4,False,4
214008961621,7.32,19.7,False,4
214008961622,3.66,10.3,True,1
214008961623,5.58,16.3,True,1
214008961624,5.97,11.0,True,2
214008961625,2.9,6.9,False,2
214008961626,0.73,16.2,False,2
214008961627,0.4,14.3,True,2
214008961628,6.1,10.0,False,4
214008961629,1.95,9.6,False,4
214008961630,2.44,4.8,False,4
214008811631,5.88,8.0,True,1
214008811632,6.49,7.9,False,2
214008811637,2.9,10.8,True,2
214008811638,5.58,11.5,True,4
214008811639,5.36,14.0,True,4
214008811640,5.88,16.0,False,4
214008811641,2.47,10.8,False,4
214008811642,6.25,13.6,True,4
214008961643,7.22,2.1,False,4
214008961644,7.19,12.0,True,4
214008961645,7.07,10.3,False,4
214008961646,1.22,11.0,False,1
214008961647,6.8,19.2,True,4
214008961648,6.98,18.9,False,4
214008961649,6.95,13.7,True,4
214008811650,7.74,13.1,False,3
214008811651,4.51,13.8,True,2
214008811652,7.56,5.1,False,2
214008811653,7.32,11.4,False,3
214008811654,6.22,6.0,True,3
214008811655,7.41,17.0,False,4
214008811656,4.72,4.1,False,4
214008961657,6.8,11.8,False,1
214008961658,7.53,10.7,True,1
214008961659,6.89,11.0,False,1
214008961660,7.04,7.7,True,2
214008961661,7.86,12.1,True,2
214008961662,7.04,13.3,False,3
214008961663,3.78,9.6,False,3
214008961664,2.04,22.6,True,3
214008961665,2.19,7.2,False,3
214008811666,5.49,9.5,False,1
214008811667,1.22,22.7,True,1
214008811668,9.75,0.0,False,1
214008811669,7.56,9.6,False,2
214008811670,3.96,11.8,False,3
214008811672,6.95,11.5,False,3
214008811673,5.79,13.3,False,4
214008811674,7.59,8.7,False,4
214008811675,8.08,8.8,True,4
214008961676,1.19,20.3,True,1
214008961677,5.36,0.0,False,1
214008961678,6.1,14.2,True,2
214008961679,6.22,3.5,True,2
214008961680,6.46,15.9,True,2
214008961681,1.16,13.9,False,2
214008961682,7.47,13.5,True,2
214008961683,1.22,9.7,True,2
214008961684,0.73,19.6,True,3
214008961685,7.59,4.0,False,3
214008961686,2.38,4.4,False,4
214008961687,1.13,10.2,False,4
214008811688,5.52,7.4,True,2
214008811689,1.34,20.7,True,2
214008811690,1.22,20.0,False,2
214008811691,6.31,11.6,True,2
214008811692,8.6,2.0,True,2
214008811693,3.75,13.0,False,2
214008811695,3.23,16.4,False,3
214008811696,0.43,0.0,False,3
214008811697,1.34,9.8,False,4
214008811698,7.68,2.3,False,4
214008811699,5.0,8.1,False,4
214008811701,6.83,0.4,False,1
214008811703,5.67,12.4,False,1
214008811704,0.7,24.0,False,1
214008811705,0.67,24.0,False,2
214008811707,0.43,24.0,False,2
214008811710,3.02,10.3,True,3
214008811711,2.99,10.0,False,4
214008961713,5.79,12.3,True,1
214008961714,4.57,2.7,False,1
214008961715,6.22,9.9,True,1
214008961716,6.0,14.1,True,1
214008961717,6.37,13.4,True,2
214008961718,0.79,8.4,False,3
214008961719,2.77,9.4,True,3
214008961720,6.16,12.5,True,3
214008961721,5.21,1.5,False,3
214008811723,3.81,12.5,False,1
214008811724,1.65,0.4,False,3
214008811725,6.77,13.1,False,3
214008811726,2.32,4.2,False,3
214008811727,5.91,8.8,True,3
214008811728,5.7,10.4,True,3
214008811729,4.54,5.6,False,3
214008961730,2.19,12.7,False,1
214008961731,1.98,18.0,True,1
214008961732,6.98,3.2,False,3
214008811734,0.46,9.2,True,1
214008811735,6.95,16.7,False,1
214008811738,7.65,17.8,False,3
214008981740,6.1,13.6,False,1
214008981741,5.97,9.9,True,1
214008981742,6.74,12.8,False,1
214008981743,6.0,11.6,False,2
214008981744,6.19,14.8,False,2
214008981745,7.38,5.1,True,3
214008981746,6.19,12.0,True,3
214008981747,7.1,8.3,False,3
214008981748,7.35,22.4,True,3
214008981749,7.35,12.3,True,3
214008981750,7.99,2.7,False,3
214008981751,1.19,14.6,False,3
214008981752,7.5,15.5,False,4
214008911753,5.88,16.2,True,1
214008911754,7.74,14.4,True,1
214008911755,0.98,16.0,False,1
214008911756,1.55,11.3,False,1
214008911757,6.89,16.9,False,1
214008911758,6.58,20.3,False,2
214008911759,7.35,20.5,False,2
214008911760,7.19,0.0,False,2
214008911761,6.19,15.5,True,3
214008801762,0.91,20.6,True,1
214008801763,5.73,16.6,True,1
214008801764,0.21,15.1,False,1
214008801765,5.85,17.1,False,1
214008801766,1.1,20.4,False,1
214008801767,0.98,24.0,False,2
214008801768,6.68,6.3,False,2
214008801769,0.34,20.7,False,2
214008801770,6.04,9.0,True,3
214008801771,6.16,15.5,False,3
214008801773,6.4,22.0,False,3
214008801774,0.58,19.4,True,3
214008801775,6.19,6.0,True,3
214008801778,7.07,19.1,False,4
214008971779,5.61,12.1,True,4
214008971780,7.32,11.7,False,4
214008871781,2.74,13.8,True,2
214008871782,6.31,16.1,False,2
214008981807,2.38,7.3,False,1
214008981808,7.41,6.8,False,1
214008981809,6.58,13.0,False,1
214008981810,6.1,16.9,False,2
214008981811,4.88,15.0,False,3
214008981812,4.21,13.5,False,4
214008981813,1.46,21.0,True,4
214008981814,4.72,12.4,False,4
214008911815,0.43,20.0,True,1
214008911816,4.18,18.8,False,1
214008911819,2.87,11.2,False,1
214008911820,2.56,2.2,False,2
214008911821,0.91,17.6,False,3
214008911822,3.6,17.0,True,3
214008801823,4.57,19.2,False,1
214008801824,5.85,14.0,False,1
214008801825,3.87,13.1,True,1
214008801826,4.57,17.6,True,1
214008801827,5.43,14.1,True,1
214008801828,3.99,17.0,True,1
214008801829,5.15,10.8,False,1
214008801830,4.54,10.7,False,2
214008801831,5.18,6.7,False,3
214008801832,6.64,1.6,False,3
214008801833,5.52,14.3,False,4
214008801834,7.38,17.7,False,4
214008981835,4.48,16.0,True,1
214008981836,4.36,8.1,False,1
214008981837,1.25,7.5,False,1
214008981838,4.51,15.6,False,1
214008981839,4.97,8.4,True,2
214008981840,2.44,5.1,True,4
214008911841,5.06,13.6,False,1
214008911842,2.29,3.6,True,2
214008911843,5.06,8.4,False,2
214008911844,4.79,14.8,True,2
214008911845,4.82,21.3,False,2
214008911846,5.21,13.6,True,2
214008911847,3.93,12.4,True,2
214008911850,1.98,20.1,True,3
214008911851,4.97,16.2,False,3
214008911852,1.07,7.9,False,3
214008911853,0.24,8.8,False,3
214008911854,5.61,0.0,False,3
214008911855,6.07,14.4,True,3
214008801856,1.46,13.7,True,1
214008801857,4.85,0.2,False,2
214008801858,0.98,4.2,False,2
214008801859,1.4,4.0,True,2
214008801860,4.45,5.8,False,2
214008801863,3.29,23.8,False,3
214008801864,1.34,6.2,True,3
214008801865,0.37,24.0,True,3
214008801866,1.49,2.7,True,3
214008801867,5.46,6.9,False,4
214008981868,0.67,19.7,False,1
214008981869,6.89,15.0,False,1
214008981870,0.64,10.8,False,2
214008981871,7.44,4.2,False,2
214008981872,6.0,15.1,True,2
214008981873,7.62,18.4,False,2
214008981874,4.02,2.7,False,2
214008981875,0.27,0.0,True,2
214008981876,7.53,22.7,False,3
214008981877,6.1,14.1,False,3
214008981878,6.61,16.1,False,3
214008981879,1.52,3.3,True,4
214008981880,7.22,3.1,False,4
214008981881,2.19,6.8,False,4
214008911882,4.21,17.6,False,1
214008911883,7.38,18.8,False,1
214008911884,7.62,16.2,False,1
214008911885,7.41,10.5,False,2
214008911886,3.6,7.7,False,3
214008801887,7.38,4.0,False,1
214008801888,0.91,20.9,True,1
214008801889,7.35,19.2,True,1
214008801890,7.68,16.6,False,2
214008801891,4.63,3.7,True,2
214008801892,7.59,15.6,False,2
214008801893,1.71,16.0,False,2
214008801894,6.31,9.1,False,4
214008801895,5.27,18.0,False,4
214008801896,8.2,8.4,True,4
214008801897,0.85,24.0,False,4
214008981898,4.94,13.8,False,1
214008981899,2.53,23.2,False,2
214008981900,5.61,10.7,False,2
214009011901,1.19,18.7,True,1
214009011902,7.32,7.7,True,1
214009011903,1.19,17.3,False,1
214009011904,7.65,4.0,False,1
214009011905,6.52,5.2,True,1
214009011906,1.77,10.0,True,2
214009011907,2.35,5.2,False,2
214009011908,1.46,3.3,False,2
214009011909,6.86,5.1,False,2
214009011910,5.27,16.5,False,3
214009011911,6.86,8.6,True,4
214009011912,6.92,1.0,False,4
214008941913,3.05,4.6,False,1
214008941914,2.5,13.6,False,2
214008941915,3.11,6.6,False,2
214008941916,3.02,7.3,True,2
214008941917,2.56,12.9,False,2
214008941918,1.01,14.7,False,2
214008941919,2.13,7.1,True,2
214008941920,5.15,5.3,False,3
214008941921,2.32,11.6,True,3
214008941922,1.89,7.2,False,3
214008941923,2.56,3.1,False,3
214008941924,6.61,13.7,False,4
214008941925,8.29,15.0,False,4
214009061926,7.59,0.0,True,1
214009061927,3.63,4.6,False,2
214009061928,7.32,10.8,False,2
214009061929,6.68,20.0,False,2
214009061930,7.38,19.4,True,4
214009061931,5.12,11.1,False,4
214009061932,7.25,12.7,True,4
214009061933,5.39,15.2,False,4
214009061934,8.9,2.7,True,4
214009061935,3.96,15.1,False,4
214009061937,7.22,12.5,False,4
214009061938,7.04,8.0,True,1
214009061939,1.22,23.0,False,1
214009061940,7.5,13.3,False,1
214009061941,1.16,6.4,False,2
214009061942,4.33,24.0,True,2
214009061943,6.13,9.9,True,3
214009061944,2.47,13.7,False,3
214009061947,4.02,11.7,True,4
214009061948,4.54,10.3,False,4
214009061950,5.85,9.2,True,1
214009061951,2.93,9.1,True,1
214009061952,6.86,18.2,True,1
214009061953,5.09,7.1,True,1
214009061954,5.46,17.7,True,1
214009061955,7.32,14.5,False,2
214009061956,1.19,24.0,True,2
214009061957,4.02,9.0,True,2
214009061958,7.22,8.5,True,2
214009061959,7.74,10.5,False,3
214009061960,1.43,15.3,True,3
214009061961,0.82,24.0,True,4
214009061962,7.53,18.2,False,1
214009061963,6.16,18.5,True,2
214009061964,2.38,10.0,False,4
214009061965,1.16,22.3,True,4
214009061966,1.77,13.9,True,4
214009061969,7.07,19.4,False,1
214009061970,7.1,17.6,False,1
214009061971,0.79,21.0,False,1
214009061972,7.5,10.5,True,2
214009061973,0.18,0.0,False,2
214009061974,0.3,20.1,True,3
214009061975,7.1,14.1,True,3
214009061976,0.52,17.4,True,1
214009061977,4.79,4.0,False,1
214009061978,2.04,3.9,False,3
214009061979,0.24,6.6,True,3
214009061981,0.88,15.6,False,1
214009061982,2.41,18.0,False,1
214009061983,0.49,20.0,True,1
214009061984,4.6,13.1,True,1
214009061985,5.33,17.4,False,1
214009061986,5.24,7.5,True,2
214009061987,1.8,16.4,True,2
214009061988,5.3,12.4,True,3
214009061989,3.17,13.6,True,3
214009061990,1.13,18.9,True,3
214009061991,2.87,19.2,True,3
214009061992,6.4,16.8,False,3
214009061993,5.03,16.0,False,3
214009061994,6.86,7.0,False,3
214009061995,5.91,11.0,True,1
214009061996,6.43,14.6,False,1
214009061997,1.1,15.0,False,2
214009061998,1.34,18.8,True,2
214008791999,7.13,10.0,True,2
214009022000,7.59,6.4,False,1
214009022001,2.13,19.2,False,1
214009022002,6.1,20.2,False,1
214009022003,7.56,9.8,False,1
214009022004,6.04,16.3,True,1
214009022005,2.04,9.9,True,2
214009022006,0.67,4.2,False,2
214009022008,8.23,5.9,True,3
214009022009,4.6,19.9,False,3
214008952010,7.65,15.4,True,1
214008952011,2.41,11.0,True,1
214008952012,0.85,4.8,False,2
214008952013,7.62,11.9,False,2
214008952014,4.02,11.7,False,2
214008952015,0.82,20.8,True,2
214008952016,1.83,21.4,False,2
214008952017,7.74,11.4,False,2
214008952019,7.22,5.6,True,3
214008952020,3.35,6.8,False,4
214008952021,7.65,5.0,False,4
214008842022,7.56,6.1,False,1
214008842023,7.71,12.7,True,1
214008842024,0.94,4.7,True,1
214008842025,7.41,10.0,False,2
214008842027,1.77,8.4,True,3
214008842028,7.74,5.5,False,3
214008842029,5.82,1.5,False,4
214008842030,0.73,22.3,True,4
214008842031,7.53,8.0,True,4
214009022032,0.52,19.5,False,1
214009022033,2.8,14.5,False,1
214009022034,7.19,23.0,False,1
214009022035,0.58,19.4,False,1
214009022036,2.07,0.8,False,2
214009022038,5.21,6.2,False,3
214009022039,4.82,7.3,False,3
214009022040,1.25,13.3,False,4
214008952041,7.07,0.5,False,1
214008952042,1.13,13.2,False,1
214008952043,0.61,18.1,True,2
214008952044,0.64,0.0,False,2
214008952045,6.46,9.7,True,3
214008952046,7.01,18.0,True,3
214008952047,7.13,7.6,False,3
214008952048,6.04,3.9,True,4
214008952049,4.48,8.5,True,4
214008952050,5.85,12.8,False,4
214008952052,6.74,0.2,True,4
214008842053,7.01,5.0,False,1
214008842054,6.64,0.9,False,1
214008842055,0.91,21.8,True,3
214008842056,0.46,16.0,False,3
214008842057,7.13,15.8,False,4
214008842058,0.43,16.0,True,4
214009002059,0.24,12.3,True,1
214009002060,1.71,9.3,False,1
214009002061,0.37,14.4,True,1
214009002062,0.4,13.9,True,1
214009002063,2.5,2.6,False,1
214009002064,0.46,5.2,False,1
214009002065,2.74,24.0,True,2
214009002066,1.28,6.9,False,3
214008912067,2.13,11.5,True,2
214008912068,1.01,4.4,True,2
214008912070,3.08,7.0,False,3
214008912071,0.7,5.2,True,3
214008912072,1.16,16.3,True,3
214008832073,0.46,24.0,True,1
214008832074,1.92,11.2,True,1
214008832075,2.13,15.7,True,1
214008832076,5.91,3.6,False,1
214008832077,0.15,11.7,True,1
214008832078,1.43,10.7,False,1
214008832079,0.7,5.3,False,2
214008832080,0.46,9.9,True,3
214009082081,6.74,14.4,False,1
214009082082,4.08,12.0,False,2
214009082083,1.46,10.8,False,3
214009082084,7.44,17.8,False,3
214009082085,7.68,15.5,True,4
214009082086,2.23,20.9,True,4
214009082087,6.86,8.7,False,5
214008792088,7.8,14.8,True,1
214008792089,4.27,13.3,False,2
214008792090,6.86,16.2,False,2
214008792091,3.9,11.3,False,2
214009022092,5.39,18.0,True,1
214009022093,5.91,10.5,True,1
214009022094,5.79,9.0,True,2
214008952096,3.81,13.7,True,1
214008952098,5.24,14.9,False,2
214008952099,0.58,14.4,True,2
214008952100,5.76,17.7,True,4
214009022145,1.4,18.4,True,1
214009022146,1.13,8.6,True,1
214009022147,1.37,11.3,False,2
214009022148,1.77,21.1,False,2
214009022149,0.58,24.0,True,2
214009022150,1.4,4.0,False,2
214009022151,0.94,2.7,False,2
214009022153,1.65,19.6,True,3
214009022154,0.3,19.5,True,3
214009022155,1.89,17.2,True,3
214009022156,0.52,15.0,False,3
214009022157,0.67,6.2,True,4
214009022158,2.04,8.1,True,4
214008952159,3.9,17.2,False,1
214008952160,3.41,16.7,True,1
214008952161,2.62,6.2,True,1
214008952162,0.94,19.4,True,1
214008952163,0.64,14.2,False,3
214008952164,1.13,11.8,True,3
214008952166,0.67,10.9,False,3
214008952167,0.58,10.8,True,3
214008842174,7.19,0.0,False,2
214009022175,1.95,10.4,True,1
214009022176,0.79,24.0,True,1
214009022177,1.4,16.1,False,3
214009022178,0.73,5.2,False,3
214009022179,1.13,8.0,True,3
214009022180,0.98,11.4,False,4
214008952187,1.49,12.4,False,4
214008952188,0.49,10.0,True,4
214008952189,4.6,13.0,False,4
214008842195,0.15,24.0,False,2
214008842197,0.43,16.8,False,2
214009052225,7.28,19.5,False,1
214009052226,4.69,8.3,False,1
214009052227,0.79,5.7,True,2
214009052229,0.64,21.0,True,3
214009052230,0.46,19.9,False,3
214009052231,4.24,15.1,False,4
214009052232,1.4,18.5,True,4
214009052233,7.35,8.5,True,4
214008872238,4.63,11.3,False,3
214008872240,0.64,9.4,True,4
214008872241,7.22,4.1,True,4
214008982250,0.79,15.4,True,1
214008982251,7.47,19.6,False,2
214008982252,7.13,13.7,False,2
214008982253,3.66,16.3,True,3
214008982254,3.87,17.5,True,3
214008982255,1.37,5.8,False,3
214008982256,7.19,6.4,True,4
214008982257,0.91,10.8,False,4
214008982258,1.07,2.9,False,4
214008982259,7.32,12.0,True,4
214008982260,4.15,19.9,True,4
214008982261,8.53,3.2,False,4
214008912262,7.1,13.6,False,1
214008912264,3.57,12.0,False,2
214008912265,0.67,4.9,True,2
214008912266,6.34,17.0,True,2
214008912267,7.19,11.5,False,2
214008912268,7.19,1.8,False,2
214008912269,0.7,18.0,True,2
214008912270,0.79,11.8,False,3
214008912271,2.71,13.7,False,3
214008912272,2.1,20.1,False,3
214008912273,7.22,8.4,False,3
214008912274,7.56,0.0,False,3
214008802275,7.28,18.8,False,1
214008802276,6.77,19.3,True,1
214008802277,0.58,13.1,True,1
214008802278,7.38,0.0,True,1
214008802279,7.83,16.5,False,2
214008802280,0.73,5.8,True,2
214008802281,0.61,14.2,True,2
214008802282,8.29,10.7,False,2
214008802283,1.43,21.1,True,2
214008802284,1.55,9.9,False,2
214008802285,6.95,1.1,False,2
214008802286,1.1,13.7,False,3
214008802287,2.59,4.0,False,3
214008802288,0.24,21.0,False,3
214008802289,9.51,0.0,False,3
214008802290,1.58,5.3,False,4
214008802291,7.25,13.1,True,4
214008802292,7.35,14.1,False,4
214008802293,7.1,12.3,False,4
214008802294,0.61,10.0,True,4
214008802295,7.41,0.0,False,4
214008812374,7.62,15.8,False,1
214008812375,4.15,9.3,False,1
214008812376,7.68,6.2,False,2
214008812377,1.28,10.4,False,2
214008812378,2.1,17.1,True,2
214008812379,7.16,14.0,False,3
214008812380,2.13,8.8,False,3
214008812381,7.59,18.6,True,3
214008812382,7.38,8.6,True,3
214008812383,1.4,7.4,True,3
214008812384,2.29,19.4,True,3
214009042410,0.88,14.4,False,1
214009042411,0.49,18.4,False,3
214009042412,6.83,14.4,False,3
214009042413,1.49,5.9,False,4
214009042414,6.8,16.6,False,4
214009042415,7.38,11.8,True,4
214009042416,7.38,12.9,True,5
214008852417,1.07,18.0,False,2
214008852418,7.5,18.8,False,2
214008852419,6.71,3.3,False,3
214008852420,0.67,14.4,True,4
214008852421,0.3,24.0,True,4
214008852422,6.95,12.0,False,4
214008852423,7.71,17.5,False,4
214008812424,7.47,13.2,False,1
214008812425,1.31,15.6,False,4
214008812426,1.37,15.1,True,4
214008812427,7.47,17.9,False,4
214008812428,7.44,15.3,False,4
214009072429,3.84,4.0,False,1
214009072431,3.38,7.6,False,1
214009072432,0.58,0.0,False,1
214009072434,2.83,16.0,False,2
214009072435,4.66,14.2,True,2
214009072436,6.77,0.0,True,2
214009072437,4.54,8.0,False,3
214009072439,5.73,12.8,False,3
214009072440,2.26,12.5,True,3
214009072441,6.46,15.1,True,4
214009072442,7.25,11.7,False,4
214008952443,1.25,14.2,False,1
214008952444,1.46,9.0,True,1
214008952445,6.89,15.9,True,1
214008952446,1.37,14.9,False,2
214008952447,5.3,18.4,False,2
214008952448,7.38,17.2,False,2
214008952449,1.55,9.0,False,2
214008952450,6.89,18.3,False,2
214008952451,2.41,9.4,True,3
214008952452,1.37,16.4,False,4
214008952453,0.94,15.6,True,4
214009042454,7.35,10.8,False,1
214009042455,0.49,5.9,False,3
214009042456,3.63,1.2,False,3
214009042457,6.86,1.2,False,4
214009042458,8.38,15.3,True,4
214009042459,7.89,0.0,False,5
214008852460,6.86,7.3,False,1
214008852461,1.28,7.1,False,1
214008852462,7.71,16.3,True,4
214008812463,2.23,11.8,True,1
214008812464,4.57,7.7,False,1
214008812466,7.41,17.5,False,4
214008812467,7.22,18.9,False,4
214009042468,1.04,6.0,True,2
214009042469,6.74,18.9,False,2
214009042470,2.19,18.9,True,2
214008852471,1.07,10.1,True,1
214008852472,1.07,17.9,False,2
214008852473,1.04,22.3,False,2
214008852474,7.32,10.4,False,3
214008852475,7.32,11.9,True,3
214008852476,1.22,22.3,False,3
214008852477,1.25,19.3,False,4
214008812478,1.62,18.8,True,2
214008812479,6.89,11.8,False,4
214009042480,5.76,4.0,False,1
214009042481,7.44,18.7,False,1
214009042482,6.83,20.4,False,1
214009042483,0.73,19.7,True,1
214009042484,0.58,3.7,True,1
214009042485,6.43,10.6,False,2
214009042486,0.49,9.9,False,2
214009042487,6.83,10.0,False,2
214009042488,0.09,23.0,False,2
214009042489,4.42,24.0,True,2
214009042490,6.98,17.4,False,2
214009042491,6.4,9.1,False,3
214009042492,1.01,6.6,True,3
214009042493,4.79,5.0,True,3
214009042494,5.7,1.5,False,3
214009042495,0.88,13.2,False,4
214009042496,5.33,9.4,False,4
214009042497,5.91,8.2,True,4
214009042498,0.37,9.3,False,4
214009042499,0.7,5.1,False,5
214009042500,0.85,2.4,False,5
214008852501,0.64,19.2,True,1
214008852502,7.1,4.4,False,1
214008852503,7.41,19.8,True,1
214008852504,6.0,14.0,True,2
214008852505,0.88,4.8,False,2
214008852506,0.91,2.5,False,3
214008852507,1.55,8.0,True,3
214008852508,7.41,13.6,False,3
214008852509,5.55,22.5,False,3
214008852510,1.68,9.4,False,4
214008812511,0.58,5.7,True,1
214008812512,6.37,14.3,False,1
214008812513,5.58,13.4,False,1
214008812514,1.58,7.1,False,2
214008812515,7.41,18.2,False,2
214008812516,6.34,12.5,True,2
214008812517,7.5,13.0,False,4
214009042518,4.36,10.8,False,1
214009042519,6.07,13.0,True,1
214009042520,1.58,22.6,False,4
214008852521,2.26,13.2,False,1
214008852522,4.42,16.2,False,1
214008852523,1.19,9.0,False,1
214008852524,0.76,15.9,True,1
214008852525,6.0,15.2,True,1
214008852526,5.39,11.8,True,1
214008852527,5.52,15.0,False,3
214008852528,1.16,19.9,False,3
214008852529,2.74,15.0,True,3
214008852530,1.25,21.5,True,3
214009072540,0.24,19.4,True,1
214009072542,1.34,22.5,True,1
214009072543,5.33,12.7,False,1
214009072545,1.16,24.0,False,2
214009072546,0.67,21.1,False,2
214009072547,3.11,9.8,True,2
214009072548,2.65,10.6,True,3
214008952549,3.35,19.6,False,3
214009072554,7.56,6.3,False,3
214008952555,0.76,13.0,True,1
214008952556,5.43,1.9,False,1
214008952557,6.95,11.0,False,2
214008952558,7.41,16.0,False,2
214008952559,7.44,14.0,False,3
214008952560,3.87,22.0,False,3
214008972561,5.64,15.9,True,1
214008972562,7.8,8.7,True,1
214008972563,7.5,11.5,False,1
214008972564,7.77,12.1,False,2
214008972565,7.77,11.4,True,2
214008972566,4.75,16.0,False,2
214008972567,7.89,7.6,False,2
214008972568,0.88,19.3,False,3
214008972569,7.8,13.8,True,3
214008972570,1.62,22.0,True,3
214008972571,6.95,9.8,False,3
214008972572,7.35,10.3,True,4
214008972573,0.91,22.1,True,4
214008972574,7.86,4.4,False,4
214008972575,0.61,19.2,False,4
214008872576,1.95,16.9,False,1
214008872577,3.72,13.3,True,1
214008872578,8.02,21.9,False,1
214008872579,7.68,19.5,False,1
214008872580,6.61,6.5,False,2
214008872581,7.56,15.9,True,2
214008872582,7.89,15.7,True,2
214008872583,2.65,18.3,False,2
214008872584,6.61,20.6,False,3
214008872585,7.92,15.8,False,3
214008872586,7.28,7.9,False,4
214008872587,7.74,0.0,False,4
214009072588,5.09,10.9,True,1
214009072589,6.71,3.9,False,1
214009072590,2.19,13.9,True,1
214009072591,0.55,14.1,False,1
214009072592,4.08,12.2,True,1
214009072593,5.18,13.4,True,2
214009072594,3.02,20.3,True,2
214009072595,6.89,11.0,False,4
214009072596,7.86,5.4,False,4
214008952597,2.01,13.3,False,1
214008952598,7.35,8.9,True,1
214008952599,5.64,14.3,False,1
214008952600,4.51,3.8,False,2
214008952601,2.47,14.3,True,2
214008952602,3.84,8.1,False,3
214008952603,5.39,4.7,False,3
214008952604,2.87,16.7,False,3
214008952605,1.92,7.5,False,3
214008952606,0.61,5.4,True,3
214008952607,7.56,10.0,False,3
214008952608,7.22,14.0,True,3
214008952609,7.32,12.5,True,3
214008952610,2.5,20.1,False,3
214008952611,5.15,17.8,False,3
214008952612,6.19,9.5,True,3
214008952613,5.15,13.0,False,3
214008952614,5.94,13.6,False,4
214008952615,1.46,14.1,False,4
214008952616,6.98,18.2,False,4
214009072618,6.1,6.5,False,2
214009072619,3.29,13.6,True,2
214009072620,7.56,3.0,False,3
214009072622,5.52,3.6,True,3
214009072623,2.07,21.4,False,3
214009072624,2.96,6.0,False,3
214009072625,1.01,1.6,True,3
214009072626,1.52,8.4,True,4
214009072627,4.75,0.8,True,4
214009072628,6.19,8.0,True,4
214009072629,6.64,18.9,False,4
214008952630,0.88,21.4,True,1
214008952631,1.52,16.0,True,1
214008952632,1.43,0.0,False,1
214008952633,6.25,10.3,True,2
214008952634,2.68,2.3,True,2
214008952635,1.77,7.4,False,2
214008952636,6.07,6.3,True,3
214008952637,1.04,12.1,True,4
214008952638,6.8,14.3,True,4
214008952639,5.61,12.0,False,4
214009072640,4.33,0.0,False,1
214009072641,6.89,12.6,True,2
214009072642,3.26,16.3,True,2
214009072643,7.41,8.3,True,2
214009072645,6.95,7.1,False,3
214008952646,3.2,1.0,False,1
214008952647,7.47,8.0,False,1
214008952648,7.25,6.0,True,1
214008952649,1.28,11.7,True,1
214008952650,3.6,12.4,False,2
214008952651,5.88,14.4,False,3
214008952652,6.55,19.7,False,3
214008952653,2.29,11.0,False,4
214009012654,2.35,13.5,False,1
214009012655,1.58,11.2,False,1
214009012656,1.55,10.2,False,1
214009012657,1.25,14.1,True,2
214009012658,5.58,13.9,True,3
214009012659,0.37,9.0,True,3
214009012660,0.55,7.7,True,3
214009012661,1.89,13.8,True,3
214009012662,5.03,9.9,False,3
214009012663,2.56,1.1,True,4
214009012664,0.4,24.0,True,4
214009012665,3.11,3.7,False,4
214009012666,6.71,9.5,False,2
214009012667,1.68,19.4,False,2
214008942668,0.55,13.4,False,1
214008942669,6.68,13.0,False,1
214008942670,0.27,19.0,False,2
214008942671,5.33,9.3,False,3
214008942672,1.04,0.0,False,3
214009012686,0.55,24.0,True,1
214009012687,0.7,22.9,False,1
214009012688,0.4,18.8,True,2
214009012689,0.55,11.4,False,2
214009012690,1.49,17.9,False,2
214009012691,0.52,20.4,True,3
214009012692,0.58,21.5,True,4
214009012693,0.61,6.3,True,4
214009012694,0.73,6.0,True,4
214009012695,5.27,4.6,True,1
214009012696,0.61,14.9,True,1
214009012697,0.61,6.5,False,1
214009012698,2.68,15.0,False,1
214009012699,1.25,12.0,True,1
214009012700,0.61,21.0,True,2
214009012701,2.56,8.0,True,2
214009012702,2.23,5.0,True,3
214009012703,4.36,6.0,True,3
214009012704,0.27,15.8,True,3
214009012705,3.75,9.4,True,3
214009012706,7.47,0.8,False,4
214009012707,6.61,1.9,False,4
214009012708,2.77,0.0,True,4
214008942709,3.75,6.4,False,1
214008942710,2.29,7.1,True,1
214008942711,2.19,6.9,False,1
214008942712,5.52,3.9,False,1
214008942713,1.49,4.5,True,1
214008942714,2.93,13.6,True,1
214008942715,4.3,8.7,False,2
214008942716,0.55,16.7,False,3
214008942717,6.37,5.8,True,3
214008942718,0.76,14.5,False,3
214008942719,6.55,3.0,False,3
214008942720,3.72,15.4,True,3
214008942721,6.0,6.5,False,3
214008942722,3.32,13.5,False,4
214008942723,0.52,9.3,True,4
214009012724,6.61,14.9,True,1
214009012725,5.43,16.3,False,1
214009012726,5.7,20.0,True,1
214009012727,4.88,8.1,False,2
214009012728,4.45,6.1,False,3
214009012729,6.34,6.5,False,3
214009012730,6.74,14.0,False,3
214009012731,7.32,6.2,False,4
214008942732,7.62,3.6,False,1
214008942733,4.63,13.2,True,1
214008942734,6.92,10.0,True,1
214008942735,4.42,6.8,True,1
214008942736,6.86,19.2,False,1
214008942737,5.97,0.0,True,1
214008942738,6.83,14.9,True,3
214008942739,2.74,14.5,False,3
214008942740,6.22,15.2,True,4
214008942741,6.64,9.0,False,4
214008942742,7.38,15.8,False,4
214008942743,6.77,16.6,False,4
214008942744,0.61,0.0,True,4
214009012745,0.49,9.7,False,1
214009012746,6.49,13.5,True,1
214009012747,4.42,13.6,False,2
214009012748,7.16,12.0,False,2
214009012749,0.7,6.6,True,3
214009012750,7.56,9.6,False,3
214009012751,3.23,0.0,False,3
214009012752,4.24,16.0,False,4
214009012753,5.49,16.7,True,1
214009012754,1.8,9.0,False,1
214009012755,7.32,16.6,True,2
214009012756,1.1,20.6,True,2
214009012757,7.35,15.0,False,3
214009012758,1.28,8.6,True,3
214009012759,3.26,9.8,True,4
214009012760,3.44,10.3,True,4
214009012761,6.8,4.0,False,4
214008942762,1.37,13.8,False,1
214008942763,2.77,9.1,True,1
214008942764,0.98,18.6,True,1
214008942765,7.44,14.9,False,2
214008942766,0.55,8.0,False,2
214008942767,6.49,11.9,True,2
214008942768,7.56,7.2,False,2
214008942769,3.35,17.4,False,3
214008942770,3.47,15.1,False,3
214008942771,1.74,17.0,True,3
214008942772,1.19,13.7,False,4
214008962773,5.88,10.9,True,1
214008962775,1.74,9.0,False,4
214006692776,6.83,11.7,False,1
214006692777,6.31,20.9,True,1
214006692778,5.58,9.1,True,1
214006692779,0.88,8.3,True,2
214006692780,6.1,12.3,False,2
214006692781,6.31,14.3,False,2
214006692782,1.58,15.9,True,3
214006692783,4.75,9.6,False,3
214006692784,0.52,13.8,True,3
214006692785,3.69,24.0,True,4
214006692794,4.82,19.0,False,4
214006692795,6.31,8.7,False,4
214006692796,7.25,10.5,True,4
214006692797,7.53,14.6,False,2
214006692798,5.46,13.5,False,4
214006692801,6.89,5.0,False,4
214008962802,7.28,17.2,False,3
214008962803,7.28,12.3,False,4
214006692805,6.74,18.4,False,1
214006692806,7.35,8.4,False,2
214006692807,2.53,6.9,False,2
214006692808,3.93,14.8,True,3
214006692809,6.28,15.8,True,3
214006692810,1.74,19.5,True,3
214006692811,7.25,7.2,True,4
214006692812,7.19,17.9,False,4
214008892817,0.58,2.6,True,1
214008892818,0.4,13.1,True,2
214008892819,0.58,6.1,True,3
214008922823,7.41,7.0,False,1
214008922824,7.77,4.6,False,1
214008922825,7.25,20.6,True,4
214008832826,7.59,11.6,False,2
214008962827,2.47,8.9,True,1
214008962828,2.04,15.9,False,1
214008962829,1.22,12.4,False,1
214008962830,0.94,8.8,False,1
214008962832,1.49,8.2,True,2
214008962833,7.56,20.3,True,2
214008962835,5.52,2.2,True,2
214008962836,5.79,19.9,False,3
214008962837,1.37,19.6,False,3
214008962838,7.8,12.5,False,3
214008962839,1.07,19.9,False,3
214008962840,1.19,20.4,True,3
214008962841,2.68,17.7,False,4
214008962842,7.96,0.7,False,4
214008962843,7.71,20.3,False,4
214006692844,7.62,10.3,False,1
214006692845,7.74,12.8,False,2
214006692846,8.69,1.5,False,3
214006692847,7.38,18.2,True,3
214006692848,6.19,4.6,False,3
214006692849,7.8,12.2,True,3
214006692850,6.64,10.0,False,3
214009032866,6.19,11.0,False,1
214009032867,0.85,20.2,False,1
214009032868,1.37,22.0,True,1
214009032869,1.07,20.9,True,1
214009032870,6.77,17.7,False,1
214009032871,0.7,20.9,True,1
214009032872,0.15,5.9,False,1
214009032873,1.25,21.3,True,1
214009032874,6.8,1.6,False,1
214009032875,0.91,16.4,False,1
214009032876,0.49,7.9,False,1
214009032877,7.38,19.2,False,3
214009032878,6.71,11.7,False,3
214009032879,7.68,9.2,False,4
214009042881,1.89,9.4,False,2
214009042882,7.53,8.5,False,2
214009042883,1.13,13.0,True,2
214009042884,0.06,13.1,False,2
214009042885,7.53,10.5,False,3
214009042887,2.04,11.1,True,4
214009042888,1.07,22.3,False,4
214009042889,8.26,13.0,True,4
214009042891,7.35,19.7,False,4
214009042892,6.43,18.6,True,5
214008782893,7.74,10.8,False,1
214008782895,6.95,22.5,True,1
214008782896,8.38,15.5,False,1
214008782897,5.39,9.0,False,2
214008782898,1.77,8.3,True,2
214008782899,9.75,0.0,True,2
214008782900,6.71,10.1,True,3
214008782901,7.28,1.8,False,3
214008782902,7.86,11.9,False,3
214008782903,7.32,7.0,True,3
214008782904,1.89,16.9,False,3
214008782905,0.76,14.3,False,3
214008782906,7.13,0.0,False,3
214008782907,7.25,2.5,False,4
214009032909,0.73,24.0,False,1
214009032913,2.07,22.5,False,2
214009032916,1.77,23.0,True,3
214009032921,2.74,20.1,False,4
214008982922,7.74,16.9,False,2
214008982923,6.8,7.7,False,2
214008982924,7.62,5.6,False,2
214008982925,6.55,5.8,True,3
214008982926,7.38,14.3,True,3
214008912927,0.88,16.5,True,2
214008912930,7.5,14.0,False,4
214008912931,2.56,9.5,False,4
214008912932,7.92,17.0,True,4
214008912933,0.09,24.0,False,4
214008912934,0.12,24.0,False,4
214008802935,7.56,10.7,True,2
214009042936,7.41,13.2,False,3
214009042937,6.92,5.0,False,3
214008782938,7.71,18.4,False,1
214008782939,4.82,11.1,False,2
214008782940,7.35,8.8,False,3
214008782941,7.04,21.7,True,3
214008782942,7.13,11.0,True,3
214008782943,4.63,1.1,True,3
214008782944,7.01,3.3,False,3
214009012945,6.89,13.6,False,1
214009012946,1.43,16.0,False,1
214009012947,5.61,14.3,True,2
214009012948,6.86,19.9,False,2
214009012949,6.68,0.9,True,2
214009012950,6.37,7.6,True,2
214009012951,7.28,12.8,False,2
214009012952,7.56,17.7,False,3
214009012953,3.23,2.9,True,3
214008922954,0.24,22.5,True,1
214008922955,5.82,15.4,True,1
214008922956,6.83,18.0,False,1
214008922957,0.85,13.8,True,2
214008922958,0.85,2.7,False,3
214008922959,6.92,4.9,False,3
214008922960,6.89,13.0,False,4
214008922961,7.04,22.0,False,4
214008922962,7.13,0.6,False,4
214008922963,6.92,3.4,False,4
214008922964,7.16,14.6,True,4
214008922965,7.62,18.4,False,4
214008832966,7.32,16.4,False,1
214008832967,0.91,20.6,True,1
214008832968,7.35,14.7,False,3
214008832969,8.32,4.0,False,4
214009012970,6.68,10.1,False,1
214009012971,1.19,21.9,True,1
214009012972,7.65,15.2,True,2
214009012973,6.74,18.3,True,3
214009012974,2.77,8.9,False,4
214009012975,7.74,7.2,False,4
214008922976,7.32,19.7,False,1
214008922977,7.32,6.5,True,2
214008922978,4.27,13.2,True,2
214008922979,7.77,11.9,True,2
214008922980,6.89,10.9,True,2
214008922981,1.8,13.0,False,2
214008922982,5.52,10.4,True,3
214008922983,7.19,19.7,True,3
214008922984,2.07,12.0,True,3
214008922985,1.4,11.5,True,3
214008922986,7.47,3.4,False,3
214008922987,6.8,11.7,False,4
214008922988,8.69,24.0,False,4
214008832989,7.22,19.0,False,2
214008832990,6.83,13.8,False,3
214008832991,7.47,16.4,True,4
214009012992,2.19,9.6,False,1
214009012993,7.65,18.2,True,1
214009012994,0.98,15.7,True,1
214009012995,7.5,4.2,True,1
214009012996,2.07,6.7,True,1
214009012997,2.04,7.5,False,3
214009012998,2.16,3.8,False,3
214009012999,1.31,12.3,False,3
214009013000,0.7,10.5,False,3
214009013001,7.35,13.3,False,3
214008923004,1.55,9.8,True,1
214008923005,7.62,18.6,False,1
214008923006,7.59,15.0,True,1
214008923007,2.16,13.6,False,1
214008923008,0.64,13.0,False,2
214008923009,0.7,24.0,False,2
214008923010,7.53,10.8,False,2
214008923011,2.29,9.8,True,2
214008923012,3.08,12.2,False,3
214008923013,0.94,24.0,False,3
214008923014,7.53,15.4,True,4
214008923015,1.58,5.2,False,4
214008923016,7.65,15.0,True,4
214008923017,7.01,16.8,False,4
214008833018,7.68,16.8,True,1
214008833019,7.59,14.0,False,1
214008833020,2.1,10.7,True,1
214008833021,7.5,14.2,True,1
214008833024,1.43,5.1,True,3
214008833025,1.83,14.0,True,3
214008833026,1.77,14.0,True,3
214008833029,6.89,0.2,False,4
214008833031,1.52,10.3,False,4
214009013032,1.1,20.1,True,1
214009013033,7.62,16.0,True,1
214009013034,7.44,16.7,False,1
214009013035,2.35,13.9,False,1
214009013036,6.31,1.5,False,1
214009013038,0.94,15.3,True,2
214009013039,7.44,10.7,False,2
214009013040,7.41,5.7,False,3
214009013041,0.91,19.7,True,3
214009013042,8.02,6.0,False,3
214009013043,7.35,20.0,True,3
214009013044,7.41,18.2,False,4
214009013045,0.27,16.2,False,4
214009013046,5.03,6.4,True,4
214009013047,1.65,2.0,False,4
214008833048,5.43,8.2,False,1
214008833049,0.73,14.1,True,1
214008833050,7.71,14.1,True,1
214008833051,0.91,16.4,False,1
214008833052,2.29,22.8,False,1
214008833053,6.77,13.2,False,1
214008833054,0.85,18.0,True,1
214008833055,5.27,8.4,False,1
214008833056,0.94,17.0,True,2
214008833058,1.22,17.8,False,2
214008833061,7.44,11.0,True,3
214008833062,7.53,1.5,False,4
214008833064,7.62,3.6,False,4
214008833065,1.71,14.3,False,5
214009013066,1.83,8.8,True,1
214009013067,6.55,18.5,True,1
214009013068,0.85,16.8,False,1
214009013069,7.83,17.6,True,1
214009013070,1.46,12.7,False,2
214009013071,1.4,9.8,True,2
214009013072,1.68,0.9,False,3
214009013073,6.95,10.7,False,3
214009013074,1.58,14.3,True,4
214008923075,7.38,11.2,False,1
214008923076,7.44,15.0,False,1
214008923077,7.5,11.1,True,1
214008923078,6.92,11.6,True,1
214008923079,6.83,11.9,True,2
214008923080,7.41,15.9,False,2
214008923081,6.95,19.3,False,2
214008923082,2.04,2.2,False,3
214008923083,6.92,13.6,False,3
214008833084,7.19,16.7,True,1
214008833085,6.98,13.8,False,1
214008833086,1.31,20.8,False,2
214008833087,2.23,12.6,True,3
214008833088,7.35,8.1,True,3
214008833089,7.44,5.7,True,5
214008833090,7.32,6.9,False,5
214009013091,0.79,9.1,True,2
214009053092,5.97,14.2,False,2
214009053093,10.61,0.0,False,3
214008873095,1.86,14.2,False,1
214008873096,1.34,15.4,True,1
214008873097,1.04,16.8,True,1
214008873098,0.37,21.4,True,2
214008873099,7.56,14.2,False,3
214009033107,2.56,18.7,True,2
214009053108,7.38,16.9,False,2
214009053109,2.04,14.7,False,2
214009053110,0.91,16.1,False,2
214009053112,0.58,5.2,True,3
214009053113,0.24,21.4,False,4
214009053114,6.34,13.0,False,4
214009053115,1.43,8.2,False,4
214009053116,1.04,11.2,False,1
214009053117,1.13,22.2,True,1
214009053118,4.39,9.0,False,1
214009053119,0.49,17.7,True,1
214009053120,6.04,5.0,False,2
214009053121,2.71,13.3,True,2
214009053122,5.76,5.2,False,2
214009053123,4.79,14.4,False,3
214009053124,3.78,16.8,True,3
214009053125,6.4,14.1,False,3
214009053126,0.61,11.8,True,3
214009053127,2.32,1.4,False,3
214009053128,1.25,10.0,True,4
214009053129,4.88,13.7,False,4
214009053130,2.16,10.1,True,4
214009053131,2.13,11.0,False,4
214009053132,3.69,10.6,False,4
214008873136,4.05,19.2,False,2
214008873151,4.63,14.8,False,4
214009033152,7.32,9.5,False,1
214009033153,4.75,12.8,False,2
214009033154,7.68,15.4,False,2
214009033155,4.94,11.6,True,2
214009033156,6.86,15.8,False,2
214009033157,7.56,0.0,False,3
214009033158,1.16,20.0,True,4
214009033159,6.64,5.3,False,4
214008893160,7.74,11.5,True,1
214008893162,7.77,2.5,False,2
214008893163,0.88,20.2,True,2
214008893164,6.92,14.1,True,2
214008893165,7.77,8.7,False,2
214008893166,6.19,14.2,True,2
214008893168,6.13,3.6,True,3
214008893169,0.64,21.0,True,3
214008893170,1.16,11.7,True,3
214008843172,0.73,16.9,True,1
214008843173,6.28,12.1,True,1
214008843174,10.36,0.0,False,1
214008843175,6.98,8.5,False,2
214008843176,0.88,5.0,True,2
214008843177,1.49,11.7,False,2
214008843178,7.68,18.0,False,3
214008843179,6.1,2.6,True,3
214008843180,1.86,13.8,False,4
214009053181,7.44,10.6,False,1
214009053182,0.37,4.6,True,1
214009053183,7.19,20.8,True,1
214009053184,2.29,13.0,False,1
214009053185,1.62,13.2,True,1
214009053186,6.95,12.0,False,2
214009053188,6.83,9.2,False,3
214009053190,6.89,10.3,False,4
214009053191,0.73,20.0,False,4
214008873196,7.38,18.5,True,2
214009063203,1.49,24.0,False,1
214009063204,6.22,14.5,True,1
214009063205,2.13,10.9,False,1
214009063206,1.92,10.8,False,1
214009063207,3.63,9.8,False,2
214009063208,1.37,9.0,False,2
214009063209,1.37,13.9,True,2
214009063210,3.96,10.8,True,3
214006693211,0.82,16.0,False,1
214006693212,5.55,14.1,False,1
214006693213,1.31,13.0,True,2
214006693214,0.88,12.0,True,3
214006693215,4.94,16.0,False,3
214006693216,2.53,12.9,False,4
214008793217,5.94,15.7,False,1
214008793218,7.59,15.1,False,1
214008793219,0.94,9.9,True,4
214009063221,4.24,22.8,False,1
214009063222,1.07,20.3,True,1
214009063223,3.17,13.6,False,1
214009063224,0.88,18.4,False,2
214009063225,1.1,21.0,True,3
214009063226,5.3,19.6,False,3
214009063228,1.28,17.6,False,4
214009063229,0.91,12.6,False,4
214009063230,0.76,19.4,True,4
214009063231,0.85,23.7,True,4
214006693232,5.06,11.9,False,1
214006693233,4.45,7.3,False,2
214006693234,0.67,19.1,False,2
214006693235,1.13,20.9,True,3
214006693236,2.16,12.9,False,3
214006693237,4.51,15.5,False,3
214006693238,1.07,20.5,True,4
214008793239,5.52,5.3,True,1
214008793240,1.25,17.4,True,1
214008793241,7.86,10.1,False,1
214008793242,3.32,14.2,False,2
214008793243,4.79,12.6,True,2
214008793244,0.85,17.0,True,2
214008793245,1.52,0.0,False,2
214008793246,4.6,2.0,False,3
214008793247,0.18,14.2,False,3
214008793248,1.95,13.5,True,3
214008793249,0.61,18.9,False,3
214008793250,7.28,8.0,False,4
214008793251,1.31,20.2,False,4
214009063259,1.77,11.4,False,1
214009063260,7.47,15.6,True,1
214009063261,0.37,9.2,False,2
214009063264,6.55,15.6,False,4
214009063265,5.58,13.3,True,4
214009063266,7.41,15.5,False,4
214006693267,7.62,10.6,False,1
214006693268,4.42,24.0,True,1
214006693269,5.88,12.3,False,1
214006693270,7.5,12.3,True,1
214006693271,1.4,20.0,True,2
214006693272,1.65,19.8,True,2
214006693273,0.82,19.2,False,2
214006693274,2.26,11.5,False,2
214006693275,7.53,0.0,False,2
214006693276,7.16,20.3,True,3
214006693277,0.73,20.1,True,3
214008793279,7.5,17.0,False,1
214008793280,1.37,20.7,False,1
214008793281,1.68,12.2,False,1
214008793282,7.19,12.0,True,2
214008793285,7.71,9.7,False,2
214008793286,5.27,14.0,True,2
214008793287,6.46,2.7,False,2
214008793288,3.93,12.4,False,2
214008793289,0.85,8.6,False,3
214008793290,7.32,15.4,False,3
214009063291,6.89,15.1,True,1
214009063292,5.97,0.4,False,1
214009063293,1.65,18.7,False,2
214009063294,5.49,12.7,False,4
214006693295,6.61,16.0,True,1
214006693296,0.21,4.8,False,1
214006693297,2.32,3.3,True,1
214006693298,0.67,15.1,False,2
214006693299,1.37,14.2,True,2
214006693300,7.44,9.2,True,2
214006693301,5.06,11.1,True,2
214006693302,0.4,13.8,True,2
214006693303,7.47,10.3,False,3
214006693304,7.44,3.3,True,3
214006693305,2.8,11.1,False,4
214006693306,5.85,1.7,False,4
214008793307,1.43,20.2,True,2
214008793308,4.79,20.8,False,2
214008793309,0.88,17.2,False,2
214008793310,6.98,12.1,False,3
214008793311,0.37,11.0,True,4
214008793315,1.68,24.0,True,4
214008793316,4.54,14.6,True,4
214008793317,7.41,9.4,False,4
214009063318,7.56,16.3,False,2
214009063319,7.38,12.8,False,4
214009063322,7.35,16.9,True,4
214009063323,1.74,17.8,True,4
214006693324,0.91,10.2,True,2
214006693325,0.76,14.4,False,2
214006693327,1.71,7.0,False,4
214006693328,0.34,9.7,True,4
214006693329,1.34,10.5,True,4
214006693330,7.53,6.4,True,4
214006693331,7.8,13.0,False,4
214009063334,0.85,13.5,True,1
214009063335,1.74,13.6,False,1
214009063336,4.82,4.6,True,1
214009063337,0.61,13.8,False,1
214009063339,0.4,2.0,False,1
214009063340,0.27,17.9,True,3
214009063342,1.04,9.0,False,3
214009063343,2.29,9.0,False,3
214006693344,1.62,18.3,True,1
214006693345,7.47,14.0,True,1
214006693347,5.79,14.8,False,2
214006693350,1.62,21.7,True,3
214009063354,3.9,16.1,False,1
214009063356,0.88,24.0,True,1
214009063357,2.68,12.2,False,1
214009063358,6.83,17.9,False,2
214009063359,2.47,8.4,False,2
214009063360,2.26,6.9,True,2
214009063361,2.38,15.8,False,2
214009063362,1.43,22.0,True,2
214009063363,2.65,6.1,False,2
214009063364,1.07,20.9,False,2
214009063365,1.95,6.4,False,2
214009063366,7.35,4.2,False,3
214009063367,1.55,14.9,False,3
214009063368,0.73,6.9,True,3
214009063369,1.46,18.8,False,3
214006693370,2.93,11.2,True,1
214006693371,1.77,13.0,True,1
214006693373,0.55,23.3,False,1
214006693375,7.47,16.0,True,2
214006693376,6.89,10.7,True,2
214006693377,6.86,17.9,True,3
214006693378,0.88,14.6,True,3
214006693379,2.62,19.0,False,3
214006693380,5.36,12.1,True,3
214006693382,7.77,8.2,False,3
214006693383,0.3,21.1,False,3
214006693384,1.8,3.7,False,3
214008793385,4.66,17.4,True,1
214008793386,0.46,4.8,True,1
214008793387,2.53,8.0,False,1
214008793388,4.97,9.6,False,1
214008793389,2.19,10.6,True,1
214008793390,6.13,7.7,False,1
214008793391,3.38,19.1,False,1
214008793392,3.38,16.2,True,1
214008793393,5.52,0.0,False,1
214008793394,2.23,11.6,False,2
214008793395,0.85,23.6,False,2
214008793396,0.94,22.6,True,2
214008793397,2.74,12.5,True,3
214008793398,2.9,20.7,True,3
214008793399,3.96,12.4,False,3
214008793400,2.8,9.0,True,3
214008793401,4.39,8.4,False,3
214008793402,7.62,18.6,True,4
214008793403,2.07,6.2,False,4
214008793404,5.0,15.2,False,4
214008793405,2.83,12.4,False,4
214008793406,1.55,17.4,True,4
214009063407,2.9,6.9,False,2
214009063408,1.16,19.5,True,2
214009063409,1.25,2.1,False,2
214009063410,1.74,8.8,False,4
214009063411,1.98,3.9,True,4
214009063412,1.83,10.7,False,4
214006693413,1.8,16.1,False,2
214006693414,3.32,7.7,True,4
214006693415,1.31,20.1,True,4
214006693416,1.77,9.7,True,4
214006693417,7.86,12.4,False,4
214006693418,2.13,15.0,False,4
214006693420,7.56,11.5,False,4
214006693421,0.76,21.0,True,4
214008793424,7.96,6.6,False,2
214008793425,7.74,5.5,False,2
214008793426,4.82,0.0,False,2
214008793427,0.7,21.4,True,3
214008793429,2.71,9.7,False,4
214008933430,2.87,18.8,True,2
214008933431,7.53,3.0,False,2
214008933432,3.32,21.2,False,2
214008933433,1.46,3.0,False,4
214008933434,2.65,11.2,False,4
214008933435,7.32,13.0,False,4
214009043437,1.01,10.0,False,1
214009043438,5.82,17.2,False,2
214009043439,1.22,17.5,True,4
214008783442,0.7,23.0,False,2
214008783444,0.27,17.4,True,2
214008783445,1.92,0.9,False,3
214008783447,0.98,7.8,True,3
214008783449,0.98,24.0,True,4
214009033452,3.32,3.4,True,1
214009033453,2.77,11.2,True,1
214009033454,3.87,15.0,False,1
214009033455,3.78,10.5,False,2
214009033456,7.41,0.0,False,2
214009033457,5.18,5.7,False,3
214009033458,5.03,15.5,False,3
214009033460,1.31,18.4,False,3
214009033462,3.87,17.1,False,4
214009033463,1.13,19.5,True,4
214009033464,5.85,19.1,True,4
214009033465,1.22,7.7,True,4
214009033466,7.77,0.0,False,4
214008913467,1.34,5.0,False,4
214008913468,1.58,5.8,False,4
214008913469,1.62,5.6,True,4
214008913470,2.5,5.3,False,4
214008913471,1.34,7.3,False,4
214008913472,4.36,24.0,True,4
214008913473,0.82,21.4,False,4
214009043474,5.88,16.5,False,1
214009043476,5.85,16.2,True,3
214008783482,5.85,11.8,True,1
214008783483,1.28,22.8,True,2
214008783486,5.03,18.6,True,3
214008783488,2.77,8.9,False,3
214008783492,6.04,6.8,False,4
214008783493,1.55,8.0,False,4
214008783494,1.04,24.0,False,4
214008783495,5.49,11.3,True,4
214009043496,6.71,19.4,True,1
214009043497,6.71,20.7,True,1
214009043498,3.02,6.3,False,1
214009043499,7.35,21.6,True,1
214009043500,1.92,16.0,False,2
214009043501,6.71,17.9,False,3
214009043502,7.13,19.9,False,3
214009043503,6.64,16.6,False,4
214008783505,1.74,13.0,False,1
214008783506,6.83,14.4,False,2
214008783508,7.25,11.7,False,2
214008783509,6.89,5.8,False,2
214008783511,6.8,18.3,False,4
214009043512,7.56,9.3,False,1
214009043513,4.42,22.4,False,1
214009043514,1.77,8.4,True,1
214009043515,6.07,15.2,True,1
214009043516,0.85,19.0,True,1
214009043517,5.88,17.9,False,1
214009043518,1.74,20.4,True,1
214009043519,7.92,21.4,True,1
214009043520,5.55,19.0,True,2
214009043521,5.24,19.8,False,2
214009043523,5.03,4.9,False,2
214009043525,2.41,0.0,False,2
214009043526,1.01,9.0,True,3
214009043527,3.47,18.7,False,3
214009043528,5.73,15.5,True,3
214009043529,5.27,18.0,True,3
214009043530,1.31,14.4,False,3
214009043531,1.31,10.5,False,3
214009043532,7.35,13.2,False,3
214009043533,7.35,12.7,False,3
214009043535,1.34,7.0,False,4
214009043536,0.85,7.0,True,4
214009043537,2.41,9.3,True,4
214009043538,5.03,7.0,False,4
214009043539,1.31,3.9,False,4
214009043540,5.52,4.7,False,5
214009043543,1.77,10.5,False,5
214009043544,6.13,12.3,True,5
214008783545,6.8,7.3,True,1
214008783546,7.01,17.5,True,1
214008783547,0.94,20.5,True,1
214008783548,7.01,10.5,False,1
214008783549,1.46,15.6,False,3
214008783550,1.1,8.9,False,3
214008783551,7.77,8.3,False,2
214008783553,2.38,13.0,True,2
214008783554,5.82,11.7,False,4
214008783555,0.52,19.8,True,4
214008783556,7.74,10.5,True,4
214008783557,7.89,2.8,True,4
214008783558,6.86,4.0,False,4
214008883559,7.07,14.7,False,1
214008883560,5.73,10.7,False,2
214008883561,6.52,17.5,True,2
214008883562,5.49,14.2,True,2
214008883563,6.31,7.0,False,2
214008883564,2.9,11.3,True,2
214008883565,5.64,15.2,False,2
214008883566,7.32,18.9,False,2
214008883567,7.56,16.6,True,2
214008773568,8.75,0.0,False,1
214008773569,7.44,14.8,False,2
214008773570,7.47,9.6,False,2
214008773571,4.3,15.0,False,2
214008773572,6.68,7.5,False,2
214008773573,1.1,20.5,False,2
214008773574,7.59,0.0,False,2
214008773575,5.7,9.1,True,3
214008773576,4.36,11.0,True,3
214008773577,7.44,12.0,False,3
214008773578,6.4,11.2,False,3
214008773579,2.53,15.3,False,3
214008773580,1.98,14.8,True,3
214008773581,5.06,13.8,False,4
214008773582,7.01,19.3,True,4
214008773583,5.64,15.8,True,4
214008773584,2.53,18.3,True,4
214008773585,5.43,11.1,False,4
214008773586,1.22,16.4,True,1
214008773587,7.28,10.8,False,1
214008773588,1.4,20.0,False,1
214008773589,1.62,7.2,False,1
214008773590,1.65,21.6,False,2
214008773591,7.62,7.8,False,3
214008773592,7.47,18.3,True,3
214008773593,2.44,8.4,False,4
214008773594,7.65,11.0,False,4
214009083595,7.22,11.1,True,1
214009083596,7.89,21.7,False,1
214009083597,6.07,14.3,True,1
214009083598,6.31,15.0,False,1
214009083599,6.31,10.2,True,1
214009083600,6.16,13.7,False,1
214009083601,6.83,15.5,True,2
214009083602,6.92,15.2,False,2
214009083603,7.83,21.7,True,2
214009083604,7.86,13.9,False,2
214009083605,6.61,12.6,False,2
214009083606,6.64,5.4,True,2
214009083607,6.4,14.6,False,3
214009083608,5.52,13.0,False,3
214009083609,7.22,10.3,True,3
214009083610,5.91,7.4,True,3
214009083611,7.83,17.8,True,3
214009083612,7.04,5.4,False,3
214009083613,7.44,13.0,False,3
214009083614,7.01,6.0,True,3
214009083615,7.32,11.6,False,4
214009083616,7.16,13.8,False,4
214009083617,5.82,7.1,False,4
214009083618,1.55,14.0,True,4
214009083619,4.33,8.1,False,4
214009083620,6.0,11.9,False,5
214009083621,0.61,6.8,False,5
214008883622,7.22,12.8,True,1
214008883623,7.32,15.0,True,1
214008883624,7.8,19.0,False,1
214008883625,7.22,0.0,False,1
214008883626,6.77,14.6,False,2
214008883627,5.91,15.8,True,2
214008883628,5.79,12.6,False,2
214008883629,5.94,14.1,False,2
214008883630,6.61,13.1,True,3
214008883631,6.83,13.7,True,3
214008883632,7.59,21.5,False,3
214008883633,6.52,17.0,True,3
214008883634,7.47,10.5,True,4
214008883635,5.3,17.4,False,4
214008883636,7.47,14.0,False,4
214008773637,6.89,15.5,False,1
214008773638,7.74,16.0,True,1
214008773639,7.16,15.0,True,1
214008773640,0.12,16.6,True,2
214008773641,6.4,18.0,False,2
214008773642,6.04,13.8,True,2
214008773643,6.07,19.1,False,2
214008773644,7.47,15.2,False,3
214008773645,7.25,19.6,False,3
214008773646,7.01,10.8,False,3
214008773647,3.63,13.8,False,4
214008773648,5.67,13.4,True,4
214008773649,7.59,18.4,False,4
214008773650,2.77,4.3,False,4
214009083651,3.2,14.8,False,1
214009083652,4.6,10.9,False,1
214009083653,5.79,7.6,True,1
214009083654,5.27,14.3,True,1
214009083655,7.44,17.6,True,1
214009083656,7.59,3.6,False,2
214009083657,2.44,14.0,True,2
214009083658,5.06,5.1,True,2
214009083659,5.24,9.6,False,2
214009083660,4.51,15.4,True,2
214009083661,4.88,10.5,True,2
214009083662,5.43,15.8,False,3
214009083663,7.77,13.4,True,3
214009083664,2.59,6.1,False,4
214009083665,5.67,12.1,False,4
214009083666,4.21,13.0,True,4
214009083667,5.49,11.6,True,4
214009083668,7.77,10.8,False,4
214009083669,2.5,15.5,True,4
214009083670,4.18,9.4,True,4
214009083671,7.28,21.5,False,4
214009083672,5.61,6.0,False,4
214009083673,2.65,0.4,False,4
214009083674,6.04,14.0,False,5
214009083675,5.46,17.9,False,5
214009083676,1.86,14.5,True,5
214009083677,4.91,7.9,True,5
214009083678,1.83,0.0,False,5
214009083679,6.8,0.0,False,5
214008883680,6.31,16.2,True,1
214008883681,2.07,11.3,True,1
214008883682,4.75,16.9,True,1
214008883683,0.61,21.6,True,1
214008883684,5.03,12.7,False,1
214008883685,3.75,16.4,False,1
214008883686,3.69,12.0,True,1
214008883687,1.34,12.0,True,2
214008883688,4.33,16.6,True,2
214008883689,7.53,18.3,True,2
214008883690,8.11,1.7,False,2
214008883691,4.57,11.0,True,2
214008883692,3.23,19.2,False,3
214008883693,7.44,11.0,True,3
214008883694,1.46,16.8,False,3
214008883695,5.15,9.3,False,4
214008883696,4.75,15.6,True,4
214008883697,7.68,6.8,False,4
214008883698,5.55,3.0,True,4
214008883699,1.86,8.3,False,4
214008773700,4.91,3.0,True,1
214008773701,7.5,8.6,False,1
214008773702,5.61,20.0,True,1
214008773703,6.13,4.6,False,1
214008773704,5.85,19.4,True,1
214008773705,3.66,20.5,True,1
214008773706,6.95,2.1,False,2
214008773707,3.44,18.6,True,2
214008773708,4.94,18.2,True,2
214008773709,0.43,16.0,True,2
214008773710,3.81,21.0,False,2
214008773711,5.39,12.4,False,3
214008773712,4.21,15.2,True,3
214008773713,4.75,15.0,True,3
214008773714,5.64,15.5,True,3
214008773715,7.07,3.2,False,3
214008773716,5.67,6.2,True,4
214008773717,7.56,5.1,False,4
214008773718,5.64,9.1,True,4
214009083719,0.94,16.7,False,1
214009083720,0.79,9.1,True,2
214009083721,1.34,24.0,True,4
214009083723,1.62,13.5,False,5
214008883724,0.85,11.6,True,1
214008883725,0.15,13.3,True,1
214008883726,0.34,13.0,True,1
214008883727,0.79,19.4,False,1
214008883728,0.88,23.8,False,2
214008883729,1.52,23.9,True,3
214008883730,7.86,23.7,False,4
214008773731,0.37,23.2,False,1
214008773732,1.01,24.0,True,1
214008773733,1.01,23.1,True,2
214009083734,4.85,3.1,False,1
214009083735,7.56,6.4,True,2
214009083736,8.66,3.0,False,2
214009083737,7.56,9.4,False,2
214009083738,7.8,0.0,False,2
214009083739,6.4,4.8,False,3
214009083740,6.77,11.0,False,3
214009083741,7.01,12.8,True,4
214009083742,7.47,13.7,False,4
214009083743,2.5,12.1,True,5
214008883744,4.72,7.0,False,3
214008883745,6.68,9.9,False,4
214008773746,1.22,8.3,True,2
214008773747,7.59,18.2,True,2
214008773748,7.92,9.4,False,2
214009083749,4.63,12.7,False,1
214009083750,7.92,8.8,True,1
214009083751,7.86,10.8,False,1
214009083752,1.92,6.9,False,2
214009083753,6.64,7.4,True,3
214009083754,7.62,11.6,True,3
214009083755,8.02,9.0,False,3
214009083756,7.68,14.3,False,3
214009083757,1.65,13.8,False,3
214008883758,7.96,1.9,False,1
214008883759,7.59,13.9,True,1
214008883760,4.72,17.0,False,1
214008883761,0.94,5.0,True,3
214008883762,1.65,23.0,False,3
214008883763,7.77,9.5,False,3
214008883764,3.57,11.9,False,3
214008883765,7.04,13.2,False,3
214008883766,0.85,18.2,False,3
214008883767,7.04,13.2,False,3
214008883768,6.89,6.1,False,4
214008883769,6.98,14.6,True,4
214008773770,2.13,8.0,True,1
214008773771,7.62,16.2,False,1
214008773772,2.44,6.9,True,1
214008773773,7.53,8.0,False,1
214008773774,5.88,7.7,False,2
214008773775,7.62,15.9,False,2
214008773776,0.52,24.0,False,2
214008773777,7.8,16.0,True,3
214008773778,6.64,14.2,True,3
214008773779,2.44,10.1,False,3
214008773780,1.83,7.5,True,3
214008773781,7.13,13.9,True,3
214009083782,0.94,9.1,True,2
214009083783,5.3,11.2,False,2
214009083784,2.41,3.9,False,3
214009083785,5.36,0.9,False,3
214009083786,1.22,6.8,True,4
214009083787,4.15,13.1,False,4
214008883788,0.7,21.9,True,1
214008883789,5.82,13.2,False,2
214008883790,2.62,6.0,True,2
214008883791,0.79,10.3,True,4
214008883792,1.1,23.6,True,4
214008883793,0.94,7.1,True,4
214008883794,1.46,10.5,False,4
214008883795,5.18,15.2,False,4
214008773796,0.4,9.4,True,1
214008773797,2.96,12.3,False,1
214008773798,5.76,5.0,True,4
214008933799,6.98,0.0,False,1
214008933800,6.61,7.3,False,4
214008773801,5.46,1.6,False,1
214008773802,7.41,16.0,False,2
214008773803,7.1,20.0,False,2
214008773804,4.66,13.5,False,2
214008773805,2.87,9.8,False,2
214008773806,4.66,18.4,False,4
214008773807,7.25,13.6,False,4
214008933808,1.28,5.3,False,1
214008933809,3.29,23.7,True,1
214008933810,5.46,7.7,True,1
214008933811,6.19,12.3,True,1
214008933812,4.63,7.6,True,1
214008933813,3.17,7.7,False,2
214008933814,1.1,14.7,True,2
214008933815,5.88,8.8,True,3
214008933816,6.95,10.3,False,3
214008933817,6.28,12.6,True,3
214008933818,6.28,12.4,True,3
214008773819,3.93,0.8,False,1
214008773820,5.85,10.2,False,1
214008773821,6.64,5.0,False,1
214008773822,4.51,12.5,True,1
214008773823,0.52,10.2,False,2
214008773824,0.98,24.0,True,2
214008773825,5.12,7.6,False,3
214008773826,1.37,24.0,False,3
214008773827,4.88,15.2,False,3
214008773828,6.28,3.3,False,3
214008773829,0.82,3.8,False,3
214008773830,1.55,12.9,False,3
214008773831,2.99,9.9,False,4
214008773832,7.47,19.0,True,1
214008773833,1.71,11.7,False,1
214008773834,7.32,12.8,False,1
214008773835,5.03,15.0,False,1
214008773836,2.32,9.0,False,1
214008773837,4.27,11.0,False,2
214008773838,0.88,9.7,True,2
214008773839,7.5,10.3,False,2
214008773840,7.25,11.5,True,3
214008933841,8.02,11.2,False,1
214008933842,7.56,3.0,False,2
214008933843,1.58,18.7,False,2
214008933844,8.23,11.0,False,2
214008933845,6.98,8.2,True,2
214008933846,1.25,20.4,True,2
214008933847,7.86,7.0,False,2
214008933848,6.95,12.5,True,3
214008933849,7.38,14.5,True,4
214008933850,1.13,5.3,True,4
214008933851,0.73,12.4,True,4
214008933852,3.81,9.3,False,4
214008933853,1.34,14.3,False,4
214008773854,6.34,8.7,True,1
214008773855,7.99,12.2,True,2
214008773856,1.77,19.9,True,2
214008773857,6.16,10.9,True,2
214008773858,0.43,19.0,False,2
214008773859,0.46,10.7,True,2
214008773860,1.74,15.8,False,2
214008773861,1.22,9.9,False,2
214008773862,3.69,5.0,False,2
214008773863,8.47,19.0,False,3
214008773864,7.83,22.0,False,3
214008773865,7.22,14.3,False,4
214008773866,0.67,15.2,True,4
214008773867,7.28,4.6,True,4
214008773868,0.49,10.5,True,4
214008773869,5.12,5.4,False,4
214008773870,7.07,13.6,False,4
214008773871,4.54,7.2,True,4
214008773872,1.25,4.6,True,4
214008773873,7.65,13.9,False,4
214008773874,0.76,23.7,False,4
214008773875,7.04,11.6,True,4
214008773876,4.02,16.3,False,4
214008933877,7.25,10.0,False,1
214008933878,7.35,13.5,True,1
214008933879,2.26,11.3,False,1
214008933880,7.59,20.8,True,1
214008933881,7.44,16.0,False,2
214008933882,0.34,8.6,True,3
214008933883,5.97,5.0,False,3
214008933884,0.91,18.0,False,3
214008933885,1.28,1.4,False,3
214008933886,7.62,9.7,False,4
214008933887,7.35,15.0,True,4
214008933888,7.47,5.9,False,4
214008773889,6.77,9.2,True,1
214008773890,7.8,16.1,False,2
214008773891,3.6,23.3,False,3
214008773892,7.47,13.2,True,3
214008773893,6.83,10.7,True,3
214008773894,2.01,11.5,False,3
214008773895,9.45,15.0,False,4
214008933896,3.54,10.0,False,1
214008933897,7.35,15.3,False,1
214008933898,4.24,0.4,False,1
214008933899,7.86,11.8,False,1
214008933900,0.34,12.3,True,2
214008933901,0.94,15.6,True,2
214008933902,7.22,18.6,True,2
214008933903,7.68,3.2,False,2
214008933904,8.35,2.4,False,3
214008933905,8.08,2.5,False,3
214008933906,0.55,12.3,True,3
214008933907,1.77,15.1,True,3
214008933908,1.1,16.3,False,3
214008933909,6.28,2.4,False,3
214008933910,2.23,16.4,False,4
214008933911,1.37,14.5,False,4
214008933912,1.77,12.0,True,4
214008933913,8.14,15.2,True,4
214008933914,2.59,14.5,False,4
214008933915,2.99,4.7,True,4
214008933916,7.99,15.5,False,4
214008933917,3.41,19.0,False,4
214008933918,2.65,8.1,False,4
214008773919,7.68,15.5,False,1
214008773920,1.19,10.7,False,1
214008773921,1.65,13.8,False,1
214008773922,1.71,15.0,True,2
214008773923,1.37,19.1,True,2
214008773924,7.22,17.0,True,3
214008773925,2.53,7.3,True,3
214008773926,7.13,6.2,False,3
214008773927,1.55,6.5,False,3
214008773928,7.5,8.3,False,3
214008773929,7.28,14.7,True,3
214008773930,8.56,0.0,False,3
214008773931,1.92,1.7,False,4
214008773932,0.58,4.0,False,4
214008773933,7.86,9.5,False,4
214008773934,7.77,11.3,False,4
214008773935,2.8,8.0,False,4
214008933936,0.85,12.1,True,1
214008933937,3.29,12.0,False,1
214008933938,0.43,0.9,True,1
214008933939,0.58,13.8,True,2
214008933940,0.67,24.0,True,2
214008773941,0.58,9.6,True,1
214008773942,6.22,10.9,False,2
214008773943,3.05,1.6,False,2
214008773944,0.46,11.3,True,3
214008773945,0.24,4.6,False,3
214008773946,0.49,19.1,False,3
214008773947,1.04,24.0,False,4
214008773948,0.24,24.0,False,4
214009083949,7.28,19.0,True,1
214009083950,7.41,9.4,False,2
214009083951,3.11,16.4,True,2
214009083952,7.35,6.2,False,3
214009083953,6.95,10.4,False,3
214009083954,7.71,3.5,False,3
214009083955,7.44,9.8,False,4
214009083956,7.65,18.7,True,4
214009083957,7.68,10.8,False,5
214008793958,0.46,16.5,True,1
214008793959,7.35,18.2,True,1
214008793960,1.07,21.0,True,1
214008793961,7.68,19.4,False,2
214008793962,0.67,20.3,True,2
214008793963,7.65,14.8,True,2
214008793964,7.47,9.0,False,3
214008793965,7.65,6.6,True,3
214009083966,5.06,1.1,True,4
214008793967,7.07,7.9,True,1
214008793968,7.68,9.9,False,2
214009083969,4.88,9.8,True,1
214009083970,7.01,1.6,False,1
214009083971,5.82,10.0,False,1
214009083972,2.53,9.0,False,1
214009083973,5.97,9.0,False,1
214009083974,1.77,8.1,True,1
214009083975,6.83,7.7,False,1
214009083976,2.62,9.9,True,1
214009083977,4.42,2.5,False,1
214009083978,6.28,13.9,False,2
214009083979,2.38,1.6,True,2
214009083980,6.16,12.1,False,2
214009083981,6.37,9.3,False,3
214009083982,1.49,21.4,True,3
214009083983,5.58,15.2,False,3
214009083984,3.11,9.3,True,3
214009083985,5.0,5.9,False,3
214009083986,1.55,0.9,False,3
214009083987,0.46,22.5,True,3
214009083988,6.13,16.8,True,3
214009083989,7.59,2.5,False,4
214009083990,6.31,3.8,False,4
214009083991,0.64,8.8,True,4
214009083992,4.82,14.0,False,4
214009083993,5.85,14.9,True,4
214009083994,2.65,11.2,False,4
214009083995,5.82,12.6,False,5
214009083996,0.82,11.5,True,5
214009083997,6.16,3.4,False,5
214009083998,0.43,12.9,True,5
214008793999,6.25,13.0,False,1
214008794000,2.38,6.5,False,1
214008794001,7.65,15.2,False,1
214008794002,7.53,11.0,False,1
214008794003,1.25,24.0,True,1
214008794004,2.04,15.0,True,1
214008794005,2.65,4.5,False,1
214008794006,6.31,13.0,False,1
214008794007,1.77,5.4,True,1
214008794009,7.71,0.0,False,1
214008794011,0.3,8.3,False,2
214008794012,6.34,20.1,False,3
214008794014,5.15,5.9,True,3
214008794018,2.04,17.5,False,3
214008794021,4.91,7.0,False,4
214008794022,1.19,24.0,True,4
214009084024,0.55,23.6,True,1
214009084025,7.28,8.3,True,1
214009084026,7.04,14.8,True,1
214009084027,4.63,3.0,True,1
214009084028,5.85,14.3,False,1
214009084029,7.25,13.4,False,2
214009084030,7.96,7.0,False,3
214009084031,7.35,6.6,False,4
214009084032,7.62,4.2,False,4
214009084033,7.35,17.2,True,4
214009084034,8.05,6.6,True,5
214008794035,6.71,10.0,True,1
214008794036,7.5,12.6,False,1
214008794037,7.47,9.0,False,1
214008794038,6.43,9.1,False,2
214008794039,7.5,12.0,False,3
214008794040,7.53,13.9,False,3
214009084041,1.25,20.0,False,1
214009084042,1.19,16.5,False,1
214009084043,7.41,13.0,False,1
214009084044,7.89,9.0,False,2
214009084045,0.4,10.7,False,2
214009084046,1.19,16.1,False,3
214009084047,8.6,16.8,False,3
214009084048,0.88,11.3,False,3
214009084049,8.14,13.9,False,4
214009084050,8.17,22.9,False,4
214009084051,7.25,19.7,False,4
214009084052,6.98,14.8,False,5
214009084053,0.76,14.5,True,5
214008794054,0.34,21.1,True,1
214008794055,2.04,16.7,False,1
214008794056,5.76,19.3,False,1
214008794057,2.83,14.9,True,2
214008794058,1.01,16.9,True,2
214008794059,0.82,9.6,False,2
214008794060,0.82,14.7,True,2
214008794061,8.66,20.4,True,3
214008794062,3.54,9.9,True,3
214008794063,8.17,13.4,False,3
214008794065,4.54,12.0,False,4
214008794066,7.65,7.2,True,4
214008794069,7.56,5.8,False,4
214008794070,2.44,8.0,False,4
214008794071,1.98,7.0,True,4
214008794072,4.15,6.4,False,4
214008794073,5.64,0.4,True,4
214009024085,0.43,24.0,True,1
214009024086,3.05,10.5,False,1
214009024087,5.0,12.8,False,1
214009024088,1.43,10.4,True,1
214009024089,0.73,17.3,True,1
214009024090,1.01,24.0,True,1
214009024091,4.57,10.8,False,1
214009024092,2.13,12.6,True,1
214009024093,7.59,10.3,False,2
214009024094,1.58,15.3,True,2
214009024095,3.26,6.4,False,2
214009024096,5.09,10.5,True,3
214009024097,4.54,10.5,False,3
214009024098,4.48,22.6,True,4
214009024099,7.5,18.7,False,4
214009024100,6.77,10.6,False,4
214008884101,1.13,19.7,False,1
214008884102,3.9,8.4,False,1
214008884103,6.22,13.7,False,1
214008884104,1.58,17.6,True,1
214008884105,2.1,19.2,True,1
214008884106,2.77,4.0,True,2
214008884107,5.97,12.9,False,2
214008884108,4.51,0.0,False,2
214008884109,6.55,12.8,False,3
214008884110,0.88,10.3,True,3
214008884111,3.69,17.3,False,3
214008884112,1.65,9.0,True,3
214008884113,2.19,4.1,False,4
214008884114,4.51,10.2,False,4
214008884115,1.62,10.3,False,4
214008884116,2.29,11.8,False,4
214009024117,0.94,6.0,True,1
214009024118,1.1,3.0,True,1
214009024119,4.05,4.1,False,2
214009024120,0.52,24.0,False,2
214009024121,0.37,14.6,False,3
214008884122,1.04,12.5,True,1
214008884123,4.45,5.9,True,1
214008884124,0.82,14.0,True,1
214008884125,5.49,14.5,False,1
214008884126,3.08,10.8,False,2
214008884127,0.12,13.8,True,3
214008884128,0.67,17.3,False,4
214008884129,0.3,6.8,False,4
214008994134,6.89,12.1,False,1
214008994135,10.91,0.0,False,2
214008994137,5.64,19.4,True,3
214008904143,6.25,10.1,False,1
214008904144,6.52,8.2,True,1
214008904145,5.24,10.3,False,1
214008904146,2.77,19.2,True,1
214008904147,0.88,20.0,True,1
214008904148,5.73,7.3,False,1
214008904149,2.32,19.6,False,3
214008904150,7.92,12.5,True,3
214008904151,6.28,16.0,False,3
214008904152,7.25,10.0,False,3
214008904153,7.77,7.2,False,3
214008904154,7.53,6.1,False,4
214008904155,7.5,14.9,False,4
214008904156,7.71,4.8,True,4
214008824157,1.1,7.0,False,1
214008824158,5.76,14.9,False,1
214008824159,5.67,23.0,True,1
214008824160,7.44,19.4,True,1
214008824161,7.71,14.8,False,1
214008824162,8.08,0.0,True,1
214008824163,6.8,14.3,False,2
214008824164,5.67,4.2,True,3
214008824165,4.27,14.0,False,3
214008824166,7.1,10.6,True,3
214008824167,6.25,11.0,True,3
214008824168,7.38,12.5,False,3
214008824169,7.71,16.5,False,4
214008824170,2.56,14.6,True,4
214008824171,7.99,14.8,True,4
214008824172,8.87,6.2,True,4
214009024173,6.83,13.3,False,2
214009024174,1.1,10.9,False,2
214009024175,6.86,19.2,False,3
214009024176,7.99,10.0,True,4
214008884177,5.82,14.3,True,1
214008884178,1.62,20.0,True,2
214008884179,8.29,7.6,True,2
214008884180,1.46,17.9,False,2
214008884181,0.85,21.8,True,2
214008884182,6.89,11.3,False,2
214008884183,1.71,20.0,True,2
214008884184,7.8,1.4,False,3
214008884185,2.07,0.0,False,3
214008994186,6.34,5.0,False,2
214008994187,1.01,16.2,False,2
214008994188,7.47,15.8,True,2
214008994189,2.53,10.0,True,2
214008994190,1.71,23.3,True,2
214008864191,2.83,12.4,False,2
214008864193,7.53,8.2,False,2
214008864194,0.67,15.6,True,2
214008864195,1.86,7.6,True,4
214008864196,7.5,0.7,True,4
214008864197,7.44,12.1,True,4
214008864198,5.67,10.4,False,4
214008864199,2.53,9.6,False,4
214008884200,7.44,12.7,False,3
214008884201,1.25,19.5,True,4
214009024247,3.57,9.6,True,1
214009024248,6.61,13.7,True,1
214009024249,3.63,6.3,False,2
214009024250,6.22,7.9,True,3
214009024251,6.13,12.6,True,3
214009024252,0.37,14.7,True,4
214008884253,5.85,12.6,False,1
214008884254,6.95,13.0,True,1
214008884255,6.16,17.1,True,1
214008884256,3.57,18.0,False,1
214008884257,6.19,14.1,True,1
214008884258,5.91,8.5,True,2
214008884259,5.61,16.3,False,2
214008884260,6.68,14.5,True,2
214008884261,5.91,12.8,False,3
214008884262,5.24,11.8,True,3
